variant_id,group_index,local_index,global_variable_index,base_optimum,conflict_optimum,is_shared
A4_conflict_variant_synthetic,0,0,933,-93.288693355182133,-93.288693355182133,false
A4_conflict_variant_synthetic,0,1,943,-65.967316944448484,-65.967316944448484,false
A4_conflict_variant_synthetic,0,2,328,65.511159679658846,65.511159679658846,false
A4_conflict_variant_synthetic,0,3,126,-7.5187868435867529,-7.5187868435867529,false
A4_conflict_variant_synthetic,0,4,63,-70.40558017019606,-70.40558017019606,false
A4_conflict_variant_synthetic,0,5,707,-29.059511687503374,-29.059511687503374,false
A4_conflict_variant_synthetic,0,6,984,-51.056352123550617,-51.056352123550617,false
A4_conflict_variant_synthetic,0,7,699,-48.958014886213959,-48.958014886213959,false
A4_conflict_variant_synthetic,0,8,357,60.660892947523735,60.660892947523735,false
A4_conflict_variant_synthetic,0,9,448,-75.754375434435971,-75.754375434435971,false
A4_conflict_variant_synthetic,0,10,272,-43.157809405739343,-43.157809405739343,false
A4_conflict_variant_synthetic,0,11,350,13.036657873932114,13.036657873932114,false
A4_conflict_variant_synthetic,0,12,440,16.812289197681025,16.812289197681025,false
A4_conflict_variant_synthetic,0,13,453,-64.256920089303151,-64.256920089303151,false
A4_conflict_variant_synthetic,0,14,206,-63.038266790910868,-63.038266790910868,false
A4_conflict_variant_synthetic,0,15,83,17.649132867908364,17.649132867908364,false
A4_conflict_variant_synthetic,0,16,152,91.188633767451876,91.188633767451876,false
A4_conflict_variant_synthetic,0,17,58,-24.336839060734277,-24.336839060734277,false
A4_conflict_variant_synthetic,0,18,486,33.538761368204717,33.538761368204717,false
A4_conflict_variant_synthetic,0,19,277,-75.250903589131184,-75.250903589131184,false
A4_conflict_variant_synthetic,0,20,682,98.178510935164269,98.178510935164269,false
A4_conflict_variant_synthetic,0,21,983,58.973159831657568,58.973159831657568,false
A4_conflict_variant_synthetic,0,22,432,4.9105825675615193,4.9105825675615193,false
A4_conflict_variant_synthetic,0,23,917,50.536984748174461,50.536984748174461,false
A4_conflict_variant_synthetic,0,24,519,94.37787494999111,94.37787494999111,false
A4_conflict_variant_synthetic,0,25,396,83.6156737348484,83.6156737348484,false
A4_conflict_variant_synthetic,0,26,221,-39.334424956984357,-39.334424956984357,false
A4_conflict_variant_synthetic,0,27,907,9.4758438246612684,9.4758438246612684,false
A4_conflict_variant_synthetic,0,28,470,87.256000666151238,87.256000666151238,false
A4_conflict_variant_synthetic,0,29,282,90.009032414787384,90.009032414787384,false
A4_conflict_variant_synthetic,0,30,509,19.120237227517677,19.120237227517677,false
A4_conflict_variant_synthetic,0,31,222,-61.055338074162478,-61.055338074162478,false
A4_conflict_variant_synthetic,0,32,973,-53.781282578742548,-53.781282578742548,false
A4_conflict_variant_synthetic,0,33,903,-16.729330195268815,-16.729330195268815,false
A4_conflict_variant_synthetic,0,34,547,-4.9843067775382508,-4.9843067775382508,false
A4_conflict_variant_synthetic,0,35,234,49.462015154651169,49.462015154651169,false
A4_conflict_variant_synthetic,0,36,423,46.303527945744577,46.303527945744577,false
A4_conflict_variant_synthetic,0,37,832,-48.25304318331618,-48.25304318331618,false
A4_conflict_variant_synthetic,0,38,49,62.579983128083967,62.579983128083967,false
A4_conflict_variant_synthetic,0,39,176,42.889393688547557,42.889393688547557,false
A4_conflict_variant_synthetic,0,40,654,53.355096798956481,53.355096798956481,false
A4_conflict_variant_synthetic,0,41,51,11.111224272024089,11.111224272024089,false
A4_conflict_variant_synthetic,0,42,884,99.445167773596211,99.445167773596211,false
A4_conflict_variant_synthetic,0,43,458,19.71675350119915,19.71675350119915,false
A4_conflict_variant_synthetic,0,44,539,-77.491101362102668,-77.491101362102668,false
A4_conflict_variant_synthetic,0,45,54,-19.514655415662503,-27.563189874096253,true
A4_conflict_variant_synthetic,0,46,304,-10.335281397019983,-19.301753257317984,true
A4_conflict_variant_synthetic,0,47,146,45.026692788711898,30.52402350984071,true
A4_conflict_variant_synthetic,0,48,824,98.584933000518845,78.726439700466955,true
A4_conflict_variant_synthetic,0,49,340,-59.389706301960963,-63.450735671764868,true
A4_conflict_variant_synthetic,1,0,54,-19.514655415662503,-7.5631898740962527,true
A4_conflict_variant_synthetic,1,1,304,-10.335281397019983,0.69824674268201647,true
A4_conflict_variant_synthetic,1,2,146,45.026692788711898,50.52402350984071,true
A4_conflict_variant_synthetic,1,3,824,98.584933000518845,98.726439700466955,true
A4_conflict_variant_synthetic,1,4,340,-59.389706301960963,-43.450735671764868,true
A4_conflict_variant_synthetic,1,5,742,-53.609442198139433,-53.609442198139433,false
A4_conflict_variant_synthetic,1,6,99,0.90447099006290443,0.90447099006290443,false
A4_conflict_variant_synthetic,1,7,801,30.998555700979864,30.998555700979864,false
A4_conflict_variant_synthetic,1,8,421,45.344749421471477,45.344749421471477,false
A4_conflict_variant_synthetic,1,9,995,-88.225269779272054,-88.225269779272054,false
A4_conflict_variant_synthetic,1,10,789,-18.043506375561563,-18.043506375561563,false
A4_conflict_variant_synthetic,1,11,853,-14.848529108501921,-14.848529108501921,false
A4_conflict_variant_synthetic,1,12,408,6.4797091636017399,6.4797091636017399,false
A4_conflict_variant_synthetic,1,13,897,-64.819355036302056,-64.819355036302056,false
A4_conflict_variant_synthetic,1,14,418,-6.4865931408186128,-6.4865931408186128,false
A4_conflict_variant_synthetic,1,15,284,80.73948826113778,80.73948826113778,false
A4_conflict_variant_synthetic,1,16,959,33.434802808713101,33.434802808713101,false
A4_conflict_variant_synthetic,1,17,239,-99.961971396512112,-99.961971396512112,false
A4_conflict_variant_synthetic,1,18,655,-72.020778498042432,-72.020778498042432,false
A4_conflict_variant_synthetic,1,19,619,76.326189327112019,76.326189327112019,false
A4_conflict_variant_synthetic,1,20,466,41.232025527147044,41.232025527147044,false
A4_conflict_variant_synthetic,1,21,745,-55.178592394522788,-55.178592394522788,false
A4_conflict_variant_synthetic,1,22,879,-65.522011967424078,-65.522011967424078,false
A4_conflict_variant_synthetic,1,23,293,9.5563762911553312,9.5563762911553312,false
A4_conflict_variant_synthetic,1,24,873,-63.051655667740334,-63.051655667740334,false
A4_conflict_variant_synthetic,1,25,477,40.265980924320814,40.265980924320814,false
A4_conflict_variant_synthetic,1,26,102,-57.287064676286789,-57.287064676286789,false
A4_conflict_variant_synthetic,1,27,182,-13.782902106637039,-13.782902106637039,false
A4_conflict_variant_synthetic,1,28,417,-32.583572245298171,-32.583572245298171,false
A4_conflict_variant_synthetic,1,29,841,71.000158237371295,71.000158237371295,false
A4_conflict_variant_synthetic,1,30,559,-70.838628754107276,-70.838628754107276,false
A4_conflict_variant_synthetic,1,31,135,63.994172028976465,63.994172028976465,false
A4_conflict_variant_synthetic,1,32,701,39.723406670948577,39.723406670948577,false
A4_conflict_variant_synthetic,1,33,928,-55.633890227644599,-55.633890227644599,false
A4_conflict_variant_synthetic,1,34,395,55.520115408636457,55.520115408636457,false
A4_conflict_variant_synthetic,1,35,361,-27.409427996621687,-27.409427996621687,false
A4_conflict_variant_synthetic,1,36,33,-65.209187070583738,-65.209187070583738,false
A4_conflict_variant_synthetic,1,37,759,-82.570877171510745,-82.570877171510745,false
A4_conflict_variant_synthetic,1,38,703,85.943393942483567,85.943393942483567,false
A4_conflict_variant_synthetic,1,39,735,-11.511656827038081,-11.511656827038081,false
A4_conflict_variant_synthetic,1,40,712,79.955854824178545,79.955854824178545,false
A4_conflict_variant_synthetic,1,41,616,32.620841925777512,32.620841925777512,false
A4_conflict_variant_synthetic,1,42,119,-88.121890806048782,-88.121890806048782,false
A4_conflict_variant_synthetic,1,43,483,-45.752429787293146,-45.752429787293146,false
A4_conflict_variant_synthetic,1,44,377,57.130615407837439,57.130615407837439,false
A4_conflict_variant_synthetic,1,45,662,21.542757977546017,21.542757977546017,false
A4_conflict_variant_synthetic,1,46,540,55.491028653007106,55.491028653007106,false
A4_conflict_variant_synthetic,1,47,628,98.462850906889429,98.462850906889429,false
A4_conflict_variant_synthetic,1,48,86,2.6923475219685855,2.6923475219685855,false
A4_conflict_variant_synthetic,1,49,347,40.817319775428189,40.817319775428189,false
A4_conflict_variant_synthetic,1,50,386,-35.619376779141703,-42.05743910122753,true
A4_conflict_variant_synthetic,1,51,847,35.589545396746217,22.030590857071594,true
A4_conflict_variant_synthetic,1,52,378,-68.78386820214746,-71.905481381932717,true
A4_conflict_variant_synthetic,1,53,242,16.658478349932835,4.9926305149395507,true
A4_conflict_variant_synthetic,1,54,10,90.909098064096014,71.818188257686415,true
A4_conflict_variant_synthetic,2,0,386,-35.619376779141703,-22.05743910122753,true
A4_conflict_variant_synthetic,2,1,847,35.589545396746217,42.030590857071594,true
A4_conflict_variant_synthetic,2,2,378,-68.78386820214746,-51.905481381932717,true
A4_conflict_variant_synthetic,2,3,242,16.658478349932835,24.992630514939552,true
A4_conflict_variant_synthetic,2,4,10,90.909098064096014,91.818188257686415,true
A4_conflict_variant_synthetic,2,5,808,-94.605277282104666,-94.605277282104666,false
A4_conflict_variant_synthetic,2,6,542,16.712205239215749,16.712205239215749,false
A4_conflict_variant_synthetic,2,7,599,-54.592470510613687,-54.592470510613687,false
A4_conflict_variant_synthetic,2,8,627,97.907802269430135,97.907802269430135,false
A4_conflict_variant_synthetic,2,9,297,-85.244530633193335,-85.244530633193335,false
A4_conflict_variant_synthetic,2,10,560,44.243646582447241,44.243646582447241,false
A4_conflict_variant_synthetic,2,11,416,-51.688433745559628,-51.688433745559628,false
A4_conflict_variant_synthetic,2,12,141,-76.924056641579554,-76.924056641579554,false
A4_conflict_variant_synthetic,2,13,520,-97.828067828954346,-97.828067828954346,false
A4_conflict_variant_synthetic,2,14,887,-31.457745704031012,-31.457745704031012,false
A4_conflict_variant_synthetic,2,15,18,34.839265654123267,34.839265654123267,false
A4_conflict_variant_synthetic,2,16,741,-75.549541822699794,-75.549541822699794,false
A4_conflict_variant_synthetic,2,17,915,21.695730346832988,21.695730346832988,false
A4_conflict_variant_synthetic,2,18,57,-52.724667449269006,-52.724667449269006,false
A4_conflict_variant_synthetic,2,19,208,6.3466811247898676,6.3466811247898676,false
A4_conflict_variant_synthetic,2,20,575,-41.533787780772478,-41.533787780772478,false
A4_conflict_variant_synthetic,2,21,128,32.706294927005473,32.706294927005473,false
A4_conflict_variant_synthetic,2,22,109,8.5987838503092604,8.5987838503092604,false
A4_conflict_variant_synthetic,2,23,829,13.055382128760314,13.055382128760314,false
A4_conflict_variant_synthetic,2,24,262,-70.324081163314432,-70.324081163314432,false
A4_conflict_variant_synthetic,2,25,20,-16.640589884243283,-24.976530895818954,true
A4_conflict_variant_synthetic,2,26,9,94.118591872908354,74.70673268561751,true
A4_conflict_variant_synthetic,2,27,718,-15.352944026523502,-23.817649623871155,true
A4_conflict_variant_synthetic,2,28,184,11.387735970083227,0.2489623730749031,true
A4_conflict_variant_synthetic,2,29,944,-27.729563381307855,-34.956607043177073,true
A4_conflict_variant_synthetic,3,0,20,-16.640589884243283,-4.9765308958189536,true
A4_conflict_variant_synthetic,3,1,9,94.118591872908354,94.706732685617524,true
A4_conflict_variant_synthetic,3,2,718,-15.352944026523502,-3.8176496238711515,true
A4_conflict_variant_synthetic,3,3,184,11.387735970083227,20.248962373074903,true
A4_conflict_variant_synthetic,3,4,944,-27.729563381307855,-14.956607043177069,true
A4_conflict_variant_synthetic,3,5,956,76.754795002192623,76.754795002192623,false
A4_conflict_variant_synthetic,3,6,8,-53.864990643437373,-53.864990643437373,false
A4_conflict_variant_synthetic,3,7,271,-92.90151903426198,-92.90151903426198,false
A4_conflict_variant_synthetic,3,8,761,62.985444250189346,62.985444250189346,false
A4_conflict_variant_synthetic,3,9,175,-95.322312285100793,-95.322312285100793,false
A4_conflict_variant_synthetic,3,10,974,-81.217650901848685,-81.217650901848685,false
A4_conflict_variant_synthetic,3,11,188,-47.677552637436563,-47.677552637436563,false
A4_conflict_variant_synthetic,3,12,31,26.056451464429514,26.056451464429514,false
A4_conflict_variant_synthetic,3,13,673,-70.342484811812668,-70.342484811812668,false
A4_conflict_variant_synthetic,3,14,452,-60.029085147001652,-60.029085147001652,false
A4_conflict_variant_synthetic,3,15,734,57.908460695286095,57.908460695286095,false
A4_conflict_variant_synthetic,3,16,495,-72.949149491773937,-72.949149491773937,false
A4_conflict_variant_synthetic,3,17,665,28.767612045821977,28.767612045821977,false
A4_conflict_variant_synthetic,3,18,400,32.17747180878473,32.17747180878473,false
A4_conflict_variant_synthetic,3,19,752,36.773937818630969,36.773937818630969,false
A4_conflict_variant_synthetic,3,20,675,22.982415610759915,22.982415610759915,false
A4_conflict_variant_synthetic,3,21,584,15.079438144440175,15.079438144440175,false
A4_conflict_variant_synthetic,3,22,53,52.24844488757617,52.24844488757617,false
A4_conflict_variant_synthetic,3,23,441,-48.734284980373531,-48.734284980373531,false
A4_conflict_variant_synthetic,3,24,100,-44.94314590848478,-44.94314590848478,false
A4_conflict_variant_synthetic,3,25,254,95.512894740924338,75.961605266831896,true
A4_conflict_variant_synthetic,3,26,508,-33.490722516202837,-40.141650264582552,true
A4_conflict_variant_synthetic,3,27,689,-66.689511765669863,-70.020560589102871,true
A4_conflict_variant_synthetic,3,28,626,-37.382686550397139,-43.644417895357428,true
A4_conflict_variant_synthetic,3,29,781,-89.949734264774037,-90.954760838296636,true
A4_conflict_variant_synthetic,4,0,254,95.512894740924338,95.96160526683191,true
A4_conflict_variant_synthetic,4,1,508,-33.490722516202837,-20.141650264582552,true
A4_conflict_variant_synthetic,4,2,689,-66.689511765669863,-50.020560589102871,true
A4_conflict_variant_synthetic,4,3,626,-37.382686550397139,-23.644417895357428,true
A4_conflict_variant_synthetic,4,4,781,-89.949734264774037,-70.954760838296636,true
A4_conflict_variant_synthetic,4,5,214,-46.752738435832761,-46.752738435832761,false
A4_conflict_variant_synthetic,4,6,320,-92.24995162472112,-92.24995162472112,false
A4_conflict_variant_synthetic,4,7,393,96.352456105583201,96.352456105583201,false
A4_conflict_variant_synthetic,4,8,660,17.179226261779434,17.179226261779434,false
A4_conflict_variant_synthetic,4,9,877,72.427884883983552,72.427884883983552,false
A4_conflict_variant_synthetic,4,10,861,0.70063677967380045,0.70063677967380045,false
A4_conflict_variant_synthetic,4,11,941,67.056945002688025,67.056945002688025,false
A4_conflict_variant_synthetic,4,12,932,94.308540813516572,94.308540813516572,false
A4_conflict_variant_synthetic,4,13,312,-25.637691076637225,-25.637691076637225,false
A4_conflict_variant_synthetic,4,14,825,54.717169202731725,54.717169202731725,false
A4_conflict_variant_synthetic,4,15,826,50.376702480929083,50.376702480929083,false
A4_conflict_variant_synthetic,4,16,199,63.349343466273183,63.349343466273183,false
A4_conflict_variant_synthetic,4,17,68,5.8295410015896039,5.8295410015896039,false
A4_conflict_variant_synthetic,4,18,726,97.702698787822527,97.702698787822527,false
A4_conflict_variant_synthetic,4,19,17,-75.285120888009999,-75.285120888009999,false
A4_conflict_variant_synthetic,4,20,791,-47.229021942266414,-47.229021942266414,false
A4_conflict_variant_synthetic,4,21,398,33.584553324280705,33.584553324280705,false
A4_conflict_variant_synthetic,4,22,158,-40.207293253886725,-40.207293253886725,false
A4_conflict_variant_synthetic,4,23,229,37.661960019202979,37.661960019202979,false
A4_conflict_variant_synthetic,4,24,577,15.116444580187107,15.116444580187107,false
A4_conflict_variant_synthetic,4,25,987,-43.050281013067938,-43.050281013067938,false
A4_conflict_variant_synthetic,4,26,296,-9.0421319267812521,-9.0421319267812521,false
A4_conflict_variant_synthetic,4,27,848,-51.504581100527844,-51.504581100527844,false
A4_conflict_variant_synthetic,4,28,77,81.824241441004318,81.824241441004318,false
A4_conflict_variant_synthetic,4,29,992,51.88158909813518,51.88158909813518,false
A4_conflict_variant_synthetic,4,30,326,-15.482545287195421,-15.482545287195421,false
A4_conflict_variant_synthetic,4,31,246,-23.461395841799131,-23.461395841799131,false
A4_conflict_variant_synthetic,4,32,140,-24.646227888663375,-24.646227888663375,false
A4_conflict_variant_synthetic,4,33,401,94.281084749713784,94.281084749713784,false
A4_conflict_variant_synthetic,4,34,153,-3.6441606488084375,-3.6441606488084375,false
A4_conflict_variant_synthetic,4,35,212,-57.608006248564436,-57.608006248564436,false
A4_conflict_variant_synthetic,4,36,493,17.686751442241501,17.686751442241501,false
A4_conflict_variant_synthetic,4,37,813,-10.295143895540676,-10.295143895540676,false
A4_conflict_variant_synthetic,4,38,587,27.54844527982938,27.54844527982938,false
A4_conflict_variant_synthetic,4,39,380,25.85914343837878,25.85914343837878,false
A4_conflict_variant_synthetic,4,40,225,4.9143886868955349,4.9143886868955349,false
A4_conflict_variant_synthetic,4,41,779,-92.733644354673345,-92.733644354673345,false
A4_conflict_variant_synthetic,4,42,807,48.254551634485324,48.254551634485324,false
A4_conflict_variant_synthetic,4,43,538,-67.015145116601843,-67.015145116601843,false
A4_conflict_variant_synthetic,4,44,842,86.62267653243623,86.62267653243623,false
A4_conflict_variant_synthetic,4,45,365,-54.031664777701003,-54.031664777701003,false
A4_conflict_variant_synthetic,4,46,573,48.086299605071019,48.086299605071019,false
A4_conflict_variant_synthetic,4,47,105,-56.924257024503319,-56.924257024503319,false
A4_conflict_variant_synthetic,4,48,985,-98.039612343473493,-98.039612343473493,false
A4_conflict_variant_synthetic,4,49,549,-99.350628178566922,-99.350628178566922,false
A4_conflict_variant_synthetic,4,50,315,99.711411553632814,99.711411553632814,false
A4_conflict_variant_synthetic,4,51,313,-57.566456546653576,-57.566456546653576,false
A4_conflict_variant_synthetic,4,52,110,-88.651088077933366,-88.651088077933366,false
A4_conflict_variant_synthetic,4,53,953,30.783683779205376,30.783683779205376,false
A4_conflict_variant_synthetic,4,54,244,-48.394243626737435,-48.394243626737435,false
A4_conflict_variant_synthetic,4,55,868,-99.910002366792909,-99.910002366792909,false
A4_conflict_variant_synthetic,4,56,951,-94.488508410041021,-94.488508410041021,false
A4_conflict_variant_synthetic,4,57,804,-15.303557026345914,-15.303557026345914,false
A4_conflict_variant_synthetic,4,58,161,34.283807034833416,34.283807034833416,false
A4_conflict_variant_synthetic,4,59,588,-15.433435055814044,-15.433435055814044,false
A4_conflict_variant_synthetic,4,60,233,-98.757547569378247,-98.757547569378247,false
A4_conflict_variant_synthetic,4,61,923,-68.273648683945609,-68.273648683945609,false
A4_conflict_variant_synthetic,4,62,964,88.248757220745432,88.248757220745432,false
A4_conflict_variant_synthetic,4,63,590,83.896608659755799,83.896608659755799,false
A4_conflict_variant_synthetic,4,64,777,87.240941029768436,87.240941029768436,false
A4_conflict_variant_synthetic,4,65,185,-37.159877082300305,-37.159877082300305,false
A4_conflict_variant_synthetic,4,66,890,-98.177163389707431,-98.177163389707431,false
A4_conflict_variant_synthetic,4,67,451,71.607126558150554,71.607126558150554,false
A4_conflict_variant_synthetic,4,68,621,-80.395107362686531,-80.395107362686531,false
A4_conflict_variant_synthetic,4,69,267,96.113329743820174,96.113329743820174,false
A4_conflict_variant_synthetic,4,70,947,-6.7436485867934834,-6.7436485867934834,false
A4_conflict_variant_synthetic,4,71,209,-70.570618995934183,-70.570618995934183,false
A4_conflict_variant_synthetic,4,72,534,73.068124251137476,73.068124251137476,false
A4_conflict_variant_synthetic,4,73,3,-67.698454403589153,-67.698454403589153,false
A4_conflict_variant_synthetic,4,74,900,17.543535219140409,17.543535219140409,false
A4_conflict_variant_synthetic,4,75,21,-8.3809921780803904,-8.3809921780803904,false
A4_conflict_variant_synthetic,4,76,339,-93.124069961392308,-93.124069961392308,false
A4_conflict_variant_synthetic,4,77,111,11.376274890509677,11.376274890509677,false
A4_conflict_variant_synthetic,4,78,264,56.449550598343876,56.449550598343876,false
A4_conflict_variant_synthetic,4,79,806,-93.021231837391355,-93.021231837391355,false
A4_conflict_variant_synthetic,4,80,124,-99.161410758601562,-99.161410758601562,false
A4_conflict_variant_synthetic,4,81,669,-15.915735510265165,-15.915735510265165,false
A4_conflict_variant_synthetic,4,82,924,19.693316665570222,19.693316665570222,false
A4_conflict_variant_synthetic,4,83,130,-33.895670948264154,-33.895670948264154,false
A4_conflict_variant_synthetic,4,84,620,-49.768617534869676,-49.768617534869676,false
A4_conflict_variant_synthetic,4,85,223,28.45448584010478,28.45448584010478,false
A4_conflict_variant_synthetic,4,86,773,46.427297783007475,46.427297783007475,false
A4_conflict_variant_synthetic,4,87,439,-27.383872481713681,-27.383872481713681,false
A4_conflict_variant_synthetic,4,88,990,-77.804577482990709,-77.804577482990709,false
A4_conflict_variant_synthetic,4,89,940,-83.082751144290427,-83.082751144290427,false
A4_conflict_variant_synthetic,4,90,671,-51.178996725446034,-51.178996725446034,false
A4_conflict_variant_synthetic,4,91,526,-74.875069403217822,-74.875069403217822,false
A4_conflict_variant_synthetic,4,92,527,-31.702275901831072,-31.702275901831072,false
A4_conflict_variant_synthetic,4,93,906,-18.446974432784401,-18.446974432784401,false
A4_conflict_variant_synthetic,4,94,287,-44.385226479135028,-44.385226479135028,false
A4_conflict_variant_synthetic,4,95,982,-98.385701513452489,-98.385701513452489,false
A4_conflict_variant_synthetic,4,96,733,71.973738771687408,71.973738771687408,false
A4_conflict_variant_synthetic,4,97,600,42.496548744553309,42.496548744553309,false
A4_conflict_variant_synthetic,4,98,512,64.744781791933292,64.744781791933292,false
A4_conflict_variant_synthetic,4,99,858,37.826374546995396,37.826374546995396,false
A4_conflict_variant_synthetic,4,100,637,54.086065339649565,38.677458805684608,true
A4_conflict_variant_synthetic,4,101,838,-5.7087748421671449,-15.137897357950431,true
A4_conflict_variant_synthetic,4,102,991,-0.24086483833971783,-10.216778354505747,true
A4_conflict_variant_synthetic,4,103,776,11.977424002109728,0.77968160189875491,true
A4_conflict_variant_synthetic,4,104,480,89.41936704770734,70.4774303429366,true
A4_conflict_variant_synthetic,5,0,637,54.086065339649565,58.677458805684608,true
A4_conflict_variant_synthetic,5,1,838,-5.7087748421671449,4.862102642049571,true
A4_conflict_variant_synthetic,5,2,991,-0.24086483833971783,9.7832216454942547,true
A4_conflict_variant_synthetic,5,3,776,11.977424002109728,20.779681601898758,true
A4_conflict_variant_synthetic,5,4,480,89.41936704770734,90.4774303429366,true
A4_conflict_variant_synthetic,5,5,404,-70.792849263663271,-70.792849263663271,false
A4_conflict_variant_synthetic,5,6,883,2.2955276395602908,2.2955276395602908,false
A4_conflict_variant_synthetic,5,7,918,-6.931330547466402,-6.931330547466402,false
A4_conflict_variant_synthetic,5,8,805,-46.750680772456946,-46.750680772456946,false
A4_conflict_variant_synthetic,5,9,213,57.691848776455601,57.691848776455601,false
A4_conflict_variant_synthetic,5,10,738,-62.894279360694163,-62.894279360694163,false
A4_conflict_variant_synthetic,5,11,771,-20.558642173540179,-20.558642173540179,false
A4_conflict_variant_synthetic,5,12,344,-37.737123470205617,-37.737123470205617,false
A4_conflict_variant_synthetic,5,13,899,26.579684544037889,26.579684544037889,false
A4_conflict_variant_synthetic,5,14,50,35.601910215879002,35.601910215879002,false
A4_conflict_variant_synthetic,5,15,346,50.940790348184834,50.940790348184834,false
A4_conflict_variant_synthetic,5,16,554,90.442088647564191,90.442088647564191,false
A4_conflict_variant_synthetic,5,17,905,-31.553680105105926,-31.553680105105926,false
A4_conflict_variant_synthetic,5,18,241,85.056241409464462,85.056241409464462,false
A4_conflict_variant_synthetic,5,19,649,27.476263877146394,27.476263877146394,false
A4_conflict_variant_synthetic,5,20,238,-6.9591826585683805,-6.9591826585683805,false
A4_conflict_variant_synthetic,5,21,34,-84.63885402711287,-84.63885402711287,false
A4_conflict_variant_synthetic,5,22,523,65.108339777442836,65.108339777442836,false
A4_conflict_variant_synthetic,5,23,66,87.07210492663441,87.07210492663441,false
A4_conflict_variant_synthetic,5,24,178,-46.857993674973052,-46.857993674973052,false
A4_conflict_variant_synthetic,5,25,22,63.740243050508354,63.740243050508354,false
A4_conflict_variant_synthetic,5,26,966,-88.946151934710997,-88.946151934710997,false
A4_conflict_variant_synthetic,5,27,772,-68.626539463237663,-68.626539463237663,false
A4_conflict_variant_synthetic,5,28,91,94.009285913529339,94.009285913529339,false
A4_conflict_variant_synthetic,5,29,121,-45.42884590707348,-45.42884590707348,false
A4_conflict_variant_synthetic,5,30,799,-68.543448046529321,-68.543448046529321,false
A4_conflict_variant_synthetic,5,31,736,-62.023907319441406,-62.023907319441406,false
A4_conflict_variant_synthetic,5,32,881,-26.095451249659618,-26.095451249659618,false
A4_conflict_variant_synthetic,5,33,875,22.742054904270276,22.742054904270276,false
A4_conflict_variant_synthetic,5,34,189,-32.603313010170254,-32.603313010170254,false
A4_conflict_variant_synthetic,5,35,48,24.655988104705614,24.655988104705614,false
A4_conflict_variant_synthetic,5,36,29,31.032659155008758,31.032659155008758,false
A4_conflict_variant_synthetic,5,37,26,-32.139197728561669,-32.139197728561669,false
A4_conflict_variant_synthetic,5,38,368,67.08375335778527,67.08375335778527,false
A4_conflict_variant_synthetic,5,39,676,68.914073221544271,68.914073221544271,false
A4_conflict_variant_synthetic,5,40,658,-71.402275264103196,-71.402275264103196,false
A4_conflict_variant_synthetic,5,41,431,-3.8763040772221729,-3.8763040772221729,false
A4_conflict_variant_synthetic,5,42,998,-20.315866397959638,-20.315866397959638,false
A4_conflict_variant_synthetic,5,43,750,54.148202722427385,54.148202722427385,false
A4_conflict_variant_synthetic,5,44,566,-81.651004836617957,-81.651004836617957,false
A4_conflict_variant_synthetic,5,45,413,-86.255552161170527,-86.255552161170527,false
A4_conflict_variant_synthetic,5,46,500,-72.414389402453352,-72.414389402453352,false
A4_conflict_variant_synthetic,5,47,765,-87.374544231143489,-87.374544231143489,false
A4_conflict_variant_synthetic,5,48,283,-29.566347061542444,-29.566347061542444,false
A4_conflict_variant_synthetic,5,49,300,-54.051839484732447,-54.051839484732447,false
A4_conflict_variant_synthetic,5,50,196,-17.03021961621161,-17.03021961621161,false
A4_conflict_variant_synthetic,5,51,138,-86.282482019600494,-86.282482019600494,false
A4_conflict_variant_synthetic,5,52,348,21.67329485665563,21.67329485665563,false
A4_conflict_variant_synthetic,5,53,830,-84.310063781852861,-84.310063781852861,false
A4_conflict_variant_synthetic,5,54,857,-57.101448329486338,-57.101448329486338,false
A4_conflict_variant_synthetic,5,55,694,-92.93733333727215,-92.93733333727215,false
A4_conflict_variant_synthetic,5,56,70,26.017070250056861,26.017070250056861,false
A4_conflict_variant_synthetic,5,57,895,34.069570101899444,34.069570101899444,false
A4_conflict_variant_synthetic,5,58,714,-63.64972231485622,-63.64972231485622,false
A4_conflict_variant_synthetic,5,59,98,22.199748106529299,22.199748106529299,false
A4_conflict_variant_synthetic,5,60,920,26.530273122474995,26.530273122474995,false
A4_conflict_variant_synthetic,5,61,332,90.347866434702922,90.347866434702922,false
A4_conflict_variant_synthetic,5,62,159,-45.519289791778952,-45.519289791778952,false
A4_conflict_variant_synthetic,5,63,289,-5.7570541632023122,-5.7570541632023122,false
A4_conflict_variant_synthetic,5,64,818,-1.3875695741473351,-1.3875695741473351,false
A4_conflict_variant_synthetic,5,65,270,83.810492322235149,83.810492322235149,false
A4_conflict_variant_synthetic,5,66,893,-6.9509507419868868,-6.9509507419868868,false
A4_conflict_variant_synthetic,5,67,205,41.360221965790572,41.360221965790572,false
A4_conflict_variant_synthetic,5,68,482,-94.509208964460683,-94.509208964460683,false
A4_conflict_variant_synthetic,5,69,591,41.324904422458275,41.324904422458275,false
A4_conflict_variant_synthetic,5,70,845,81.328188130116047,81.328188130116047,false
A4_conflict_variant_synthetic,5,71,134,-21.362991347158797,-21.362991347158797,false
A4_conflict_variant_synthetic,5,72,323,-24.144418045793032,-24.144418045793032,false
A4_conflict_variant_synthetic,5,73,168,88.505284270018393,88.505284270018393,false
A4_conflict_variant_synthetic,5,74,501,-90.404963177797626,-90.404963177797626,false
A4_conflict_variant_synthetic,5,75,809,30.103515173011914,30.103515173011914,false
A4_conflict_variant_synthetic,5,76,123,70.392012733029617,70.392012733029617,false
A4_conflict_variant_synthetic,5,77,299,56.987136078118965,56.987136078118965,false
A4_conflict_variant_synthetic,5,78,696,-78.286387151135912,-78.286387151135912,false
A4_conflict_variant_synthetic,5,79,939,83.100371816047215,83.100371816047215,false
A4_conflict_variant_synthetic,5,80,265,-15.225103748623695,-15.225103748623695,false
A4_conflict_variant_synthetic,5,81,85,69.969950855313414,69.969950855313414,false
A4_conflict_variant_synthetic,5,82,243,-5.7389866577340456,-5.7389866577340456,false
A4_conflict_variant_synthetic,5,83,935,25.641298326770794,25.641298326770794,false
A4_conflict_variant_synthetic,5,84,151,-98.173420956684126,-98.173420956684126,false
A4_conflict_variant_synthetic,5,85,683,12.662920319244563,12.662920319244563,false
A4_conflict_variant_synthetic,5,86,360,50.552178595226877,50.552178595226877,false
A4_conflict_variant_synthetic,5,87,430,-39.116866090009552,-39.116866090009552,false
A4_conflict_variant_synthetic,5,88,218,-28.703150931779959,-28.703150931779959,false
A4_conflict_variant_synthetic,5,89,82,17.961959112904879,17.961959112904879,false
A4_conflict_variant_synthetic,5,90,41,-61.672581355110182,-61.672581355110182,false
A4_conflict_variant_synthetic,5,91,389,2.7201218797501099,2.7201218797501099,false
A4_conflict_variant_synthetic,5,92,472,-3.2621265547968079,-3.2621265547968079,false
A4_conflict_variant_synthetic,5,93,301,60.113259687021838,60.113259687021838,false
A4_conflict_variant_synthetic,5,94,833,-69.997333860168197,-69.997333860168197,false
A4_conflict_variant_synthetic,5,95,37,8.1723067015780231,8.1723067015780231,false
A4_conflict_variant_synthetic,5,96,922,51.108693837161013,51.108693837161013,false
A4_conflict_variant_synthetic,5,97,769,76.727615382295966,76.727615382295966,false
A4_conflict_variant_synthetic,5,98,469,-63.453828161481326,-63.453828161481326,false
A4_conflict_variant_synthetic,5,99,142,62.773240259757557,62.773240259757557,false
A4_conflict_variant_synthetic,5,100,814,20.591770142898653,8.5325931286087879,true
A4_conflict_variant_synthetic,5,101,295,69.711941049353015,52.740746944417708,true
A4_conflict_variant_synthetic,5,102,329,43.925031247752742,29.532528122977467,true
A4_conflict_variant_synthetic,5,103,746,-21.420027791235171,-29.278025012111655,true
A4_conflict_variant_synthetic,5,104,731,12.415785955767134,1.1742073601904206,true
A4_conflict_variant_synthetic,6,0,814,20.591770142898653,28.532593128608788,true
A4_conflict_variant_synthetic,6,1,295,69.711941049353015,72.740746944417708,true
A4_conflict_variant_synthetic,6,2,329,43.925031247752742,49.532528122977467,true
A4_conflict_variant_synthetic,6,3,746,-21.420027791235171,-9.2780250121116534,true
A4_conflict_variant_synthetic,6,4,731,12.415785955767134,21.174207360190422,true
A4_conflict_variant_synthetic,6,5,570,12.163207852840102,12.163207852840102,false
A4_conflict_variant_synthetic,6,6,69,60.134783361121777,60.134783361121777,false
A4_conflict_variant_synthetic,6,7,778,56.046019662019035,56.046019662019035,false
A4_conflict_variant_synthetic,6,8,717,-75.873335641592291,-75.873335641592291,false
A4_conflict_variant_synthetic,6,9,798,73.70418776458871,73.70418776458871,false
A4_conflict_variant_synthetic,6,10,47,37.382624270523308,37.382624270523308,false
A4_conflict_variant_synthetic,6,11,751,57.011017968844499,57.011017968844499,false
A4_conflict_variant_synthetic,6,12,546,10.467481764454888,10.467481764454888,false
A4_conflict_variant_synthetic,6,13,321,-78.182183521453311,-78.182183521453311,false
A4_conflict_variant_synthetic,6,14,572,54.050373121105167,54.050373121105167,false
A4_conflict_variant_synthetic,6,15,796,-96.032574835912143,-96.032574835912143,false
A4_conflict_variant_synthetic,6,16,729,-82.423440504161846,-82.423440504161846,false
A4_conflict_variant_synthetic,6,17,27,62.127087384141078,62.127087384141078,false
A4_conflict_variant_synthetic,6,18,681,97.768755941656565,97.768755941656565,false
A4_conflict_variant_synthetic,6,19,352,56.142925117407259,56.142925117407259,false
A4_conflict_variant_synthetic,6,20,980,26.883221722163995,26.883221722163995,false
A4_conflict_variant_synthetic,6,21,882,27.365096546528036,27.365096546528036,false
A4_conflict_variant_synthetic,6,22,280,54.654055857575798,54.654055857575798,false
A4_conflict_variant_synthetic,6,23,462,-92.127694631244623,-92.127694631244623,false
A4_conflict_variant_synthetic,6,24,67,-83.769354642903537,-83.769354642903537,false
A4_conflict_variant_synthetic,6,25,993,-30.397003979567259,-37.357303581610537,true
A4_conflict_variant_synthetic,6,26,226,-39.839305982993523,-45.85537538469417,true
A4_conflict_variant_synthetic,6,27,722,36.385143313104948,22.746628981794451,true
A4_conflict_variant_synthetic,6,28,36,13.968252215622385,2.5714269940601469,true
A4_conflict_variant_synthetic,6,29,754,35.441452514967608,21.897307263470847,true
A4_conflict_variant_synthetic,7,0,993,-30.397003979567259,-17.35730358161053,true
A4_conflict_variant_synthetic,7,1,226,-39.839305982993523,-25.85537538469417,true
A4_conflict_variant_synthetic,7,2,722,36.385143313104948,42.746628981794451,true
A4_conflict_variant_synthetic,7,3,36,13.968252215622385,22.571426994060147,true
A4_conflict_variant_synthetic,7,4,754,35.441452514967608,41.89730726347085,true
A4_conflict_variant_synthetic,7,5,104,28.777907325052951,28.777907325052951,false
A4_conflict_variant_synthetic,7,6,819,70.097704313439181,70.097704313439181,false
A4_conflict_variant_synthetic,7,7,454,-69.619310758547769,-69.619310758547769,false
A4_conflict_variant_synthetic,7,8,474,-57.881442260327006,-57.881442260327006,false
A4_conflict_variant_synthetic,7,9,850,-53.596411654977217,-53.596411654977217,false
A4_conflict_variant_synthetic,7,10,23,-2.6919437505154633,-2.6919437505154633,false
A4_conflict_variant_synthetic,7,11,592,46.324686156615257,46.324686156615257,false
A4_conflict_variant_synthetic,7,12,356,-85.099584726758536,-85.099584726758536,false
A4_conflict_variant_synthetic,7,13,433,-67.941761993547061,-67.941761993547061,false
A4_conflict_variant_synthetic,7,14,471,32.384371741930948,32.384371741930948,false
A4_conflict_variant_synthetic,7,15,533,44.319868008103469,44.319868008103469,false
A4_conflict_variant_synthetic,7,16,664,-34.042011324749396,-34.042011324749396,false
A4_conflict_variant_synthetic,7,17,725,12.664068572615392,12.664068572615392,false
A4_conflict_variant_synthetic,7,18,936,39.726145681910424,39.726145681910424,false
A4_conflict_variant_synthetic,7,19,744,71.370035512181033,71.370035512181033,false
A4_conflict_variant_synthetic,7,20,644,85.265586458346377,85.265586458346377,false
A4_conflict_variant_synthetic,7,21,163,-57.168081866034683,-57.168081866034683,false
A4_conflict_variant_synthetic,7,22,473,-72.028236568770581,-72.028236568770581,false
A4_conflict_variant_synthetic,7,23,934,-64.46129894654689,-64.46129894654689,false
A4_conflict_variant_synthetic,7,24,692,65.073386394299348,65.073386394299348,false
A4_conflict_variant_synthetic,7,25,810,-85.17563306592082,-86.65806975932874,true
A4_conflict_variant_synthetic,7,26,455,-43.571694852296503,-49.214525367066855,true
A4_conflict_variant_synthetic,7,27,988,90.353179903720843,71.317861913348764,true
A4_conflict_variant_synthetic,7,28,59,-55.435975397735724,-59.892377857962153,true
A4_conflict_variant_synthetic,7,29,90,25.314594969931605,12.783135472938444,true
A4_conflict_variant_synthetic,8,0,810,-85.17563306592082,-66.65806975932874,true
A4_conflict_variant_synthetic,8,1,455,-43.571694852296503,-29.214525367066852,true
A4_conflict_variant_synthetic,8,2,988,90.353179903720843,91.317861913348764,true
A4_conflict_variant_synthetic,8,3,59,-55.435975397735724,-39.892377857962153,true
A4_conflict_variant_synthetic,8,4,90,25.314594969931605,32.783135472938447,true
A4_conflict_variant_synthetic,8,5,334,-61.872944455490341,-61.872944455490341,false
A4_conflict_variant_synthetic,8,6,298,-43.253306472539663,-43.253306472539663,false
A4_conflict_variant_synthetic,8,7,198,-98.52482555165318,-98.52482555165318,false
A4_conflict_variant_synthetic,8,8,230,-41.256067088781137,-41.256067088781137,false
A4_conflict_variant_synthetic,8,9,797,30.163830139409384,30.163830139409384,false
A4_conflict_variant_synthetic,8,10,376,19.167765850697819,19.167765850697819,false
A4_conflict_variant_synthetic,8,11,285,-25.799768944962054,-25.799768944962054,false
A4_conflict_variant_synthetic,8,12,4,90.01860301761613,90.01860301761613,false
A4_conflict_variant_synthetic,8,13,749,80.776784638883271,80.776784638883271,false
A4_conflict_variant_synthetic,8,14,919,-76.15109778265554,-76.15109778265554,false
A4_conflict_variant_synthetic,8,15,216,30.060221684536799,30.060221684536799,false
A4_conflict_variant_synthetic,8,16,13,-61.466515308147216,-61.466515308147216,false
A4_conflict_variant_synthetic,8,17,938,45.229943697734598,45.229943697734598,false
A4_conflict_variant_synthetic,8,18,62,2.698833994975061,2.698833994975061,false
A4_conflict_variant_synthetic,8,19,586,14.921395276667582,14.921395276667582,false
A4_conflict_variant_synthetic,8,20,444,41.841318187943244,41.841318187943244,false
A4_conflict_variant_synthetic,8,21,957,45.815773666605423,45.815773666605423,false
A4_conflict_variant_synthetic,8,22,522,-62.215331212679018,-62.215331212679018,false
A4_conflict_variant_synthetic,8,23,16,-50.969592577801158,-50.969592577801158,false
A4_conflict_variant_synthetic,8,24,44,10.657212901355749,10.657212901355749,false
A4_conflict_variant_synthetic,8,25,823,46.929078352033144,46.929078352033144,false
A4_conflict_variant_synthetic,8,26,505,-6.7744739598016253,-6.7744739598016253,false
A4_conflict_variant_synthetic,8,27,800,-81.274662475682362,-81.274662475682362,false
A4_conflict_variant_synthetic,8,28,593,-54.558057663147252,-54.558057663147252,false
A4_conflict_variant_synthetic,8,29,558,2.9299949571006465,2.9299949571006465,false
A4_conflict_variant_synthetic,8,30,78,75.931381219817524,75.931381219817524,false
A4_conflict_variant_synthetic,8,31,583,62.598965378017141,62.598965378017141,false
A4_conflict_variant_synthetic,8,32,567,-20.056977016880694,-20.056977016880694,false
A4_conflict_variant_synthetic,8,33,678,-60.509604889071198,-60.509604889071198,false
A4_conflict_variant_synthetic,8,34,596,-79.997131196967345,-79.997131196967345,false
A4_conflict_variant_synthetic,8,35,715,54.512047162037788,54.512047162037788,false
A4_conflict_variant_synthetic,8,36,863,1.0420738709316311,1.0420738709316311,false
A4_conflict_variant_synthetic,8,37,136,-23.795487290707527,-23.795487290707527,false
A4_conflict_variant_synthetic,8,38,952,-9.2651504450714981,-9.2651504450714981,false
A4_conflict_variant_synthetic,8,39,84,69.117061685142147,69.117061685142147,false
A4_conflict_variant_synthetic,8,40,564,97.864746094108966,97.864746094108966,false
A4_conflict_variant_synthetic,8,41,967,-27.95352257351,-27.95352257351,false
A4_conflict_variant_synthetic,8,42,276,-77.358922542262334,-77.358922542262334,false
A4_conflict_variant_synthetic,8,43,342,-40.196997968329164,-40.196997968329164,false
A4_conflict_variant_synthetic,8,44,763,-16.012025892731458,-16.012025892731458,false
A4_conflict_variant_synthetic,8,45,167,61.308950837251302,61.308950837251302,false
A4_conflict_variant_synthetic,8,46,1,-71.01304963708759,-71.01304963708759,false
A4_conflict_variant_synthetic,8,47,427,-74.030166805252804,-74.030166805252804,false
A4_conflict_variant_synthetic,8,48,132,65.449065527311404,65.449065527311404,false
A4_conflict_variant_synthetic,8,49,288,48.41402737882737,48.41402737882737,false
A4_conflict_variant_synthetic,8,50,7,35.716779713997965,22.145101742598168,true
A4_conflict_variant_synthetic,8,51,753,-97.346803578400198,-97.612123220560179,true
A4_conflict_variant_synthetic,8,52,579,-37.262886515923825,-43.536597864331441,true
A4_conflict_variant_synthetic,8,53,274,75.225182520195347,57.702664268175809,true
A4_conflict_variant_synthetic,8,54,578,80.631641231192248,62.568477108073026,true
A4_conflict_variant_synthetic,9,0,7,35.716779713997965,42.145101742598172,true
A4_conflict_variant_synthetic,9,1,753,-97.346803578400198,-77.612123220560179,true
A4_conflict_variant_synthetic,9,2,579,-37.262886515923825,-23.536597864331441,true
A4_conflict_variant_synthetic,9,3,274,75.225182520195347,77.702664268175809,true
A4_conflict_variant_synthetic,9,4,578,80.631641231192248,82.568477108073026,true
A4_conflict_variant_synthetic,9,5,95,-51.134461419005262,-51.134461419005262,false
A4_conflict_variant_synthetic,9,6,670,-87.089366717917244,-87.089366717917244,false
A4_conflict_variant_synthetic,9,7,663,92.001014503396448,92.001014503396448,false
A4_conflict_variant_synthetic,9,8,80,17.484389933576921,17.484389933576921,false
A4_conflict_variant_synthetic,9,9,896,-87.37680757441845,-87.37680757441845,false
A4_conflict_variant_synthetic,9,10,568,-56.224838713534673,-56.224838713534673,false
A4_conflict_variant_synthetic,9,11,476,89.710807984490771,89.710807984490771,false
A4_conflict_variant_synthetic,9,12,617,-14.98718816853885,-14.98718816853885,false
A4_conflict_variant_synthetic,9,13,103,-85.379670939434163,-85.379670939434163,false
A4_conflict_variant_synthetic,9,14,446,21.577506962877564,21.577506962877564,false
A4_conflict_variant_synthetic,9,15,286,15.204323108605806,15.204323108605806,false
A4_conflict_variant_synthetic,9,16,518,36.918675490269379,36.918675490269379,false
A4_conflict_variant_synthetic,9,17,755,54.878413240542045,54.878413240542045,false
A4_conflict_variant_synthetic,9,18,195,74.62685181346032,74.62685181346032,false
A4_conflict_variant_synthetic,9,19,322,46.199545665223383,46.199545665223383,false
A4_conflict_variant_synthetic,9,20,46,8.9044603418052759,8.9044603418052759,false
A4_conflict_variant_synthetic,9,21,822,29.861268709341715,29.861268709341715,false
A4_conflict_variant_synthetic,9,22,263,62.001529112652264,62.001529112652264,false
A4_conflict_variant_synthetic,9,23,150,-28.467122061560389,-28.467122061560389,false
A4_conflict_variant_synthetic,9,24,552,93.822152977558403,93.822152977558403,false
A4_conflict_variant_synthetic,9,25,643,31.032882379254204,17.929594141328785,true
A4_conflict_variant_synthetic,9,26,855,-4.4715039509814432,-14.0243535558833,true
A4_conflict_variant_synthetic,9,27,661,-25.039739642968485,-32.535765678671638,true
A4_conflict_variant_synthetic,9,28,174,33.2271956237594,19.904476061383459,true
A4_conflict_variant_synthetic,9,29,921,54.779988087368622,39.301989278631758,true
A4_conflict_variant_synthetic,10,0,643,31.032882379254204,37.929594141328785,true
A4_conflict_variant_synthetic,10,1,855,-4.4715039509814432,5.9756464441167019,true
A4_conflict_variant_synthetic,10,2,661,-25.039739642968485,-12.535765678671636,true
A4_conflict_variant_synthetic,10,3,174,33.2271956237594,39.904476061383463,true
A4_conflict_variant_synthetic,10,4,921,54.779988087368622,59.301989278631758,true
A4_conflict_variant_synthetic,10,5,55,-59.787336142168513,-59.787336142168513,false
A4_conflict_variant_synthetic,10,6,372,-7.7339218912172214,-7.7339218912172214,false
A4_conflict_variant_synthetic,10,7,954,-98.172055500559097,-98.172055500559097,false
A4_conflict_variant_synthetic,10,8,525,94.396205707217064,94.396205707217064,false
A4_conflict_variant_synthetic,10,9,475,55.392653742309733,55.392653742309733,false
A4_conflict_variant_synthetic,10,10,767,89.336155528164596,89.336155528164596,false
A4_conflict_variant_synthetic,10,11,931,-46.010294375737757,-46.010294375737757,false
A4_conflict_variant_synthetic,10,12,202,28.225802641454976,28.225802641454976,false
A4_conflict_variant_synthetic,10,13,371,-72.302777560502491,-72.302777560502491,false
A4_conflict_variant_synthetic,10,14,403,50.391439955673462,50.391439955673462,false
A4_conflict_variant_synthetic,10,15,762,15.501926170142681,15.501926170142681,false
A4_conflict_variant_synthetic,10,16,535,-31.995774082349399,-31.995774082349399,false
A4_conflict_variant_synthetic,10,17,937,2.9384909725550585,2.9384909725550585,false
A4_conflict_variant_synthetic,10,18,666,83.468450310175058,83.468450310175058,false
A4_conflict_variant_synthetic,10,19,740,-92.286923212496049,-92.286923212496049,false
A4_conflict_variant_synthetic,10,20,730,48.804249470096238,48.804249470096238,false
A4_conflict_variant_synthetic,10,21,914,-4.9413351454561223,-4.9413351454561223,false
A4_conflict_variant_synthetic,10,22,839,-88.944425785644285,-88.944425785644285,false
A4_conflict_variant_synthetic,10,23,668,-34.845659069825047,-34.845659069825047,false
A4_conflict_variant_synthetic,10,24,437,11.929972830283447,11.929972830283447,false
A4_conflict_variant_synthetic,10,25,381,2.5073864471590923,2.5073864471590923,false
A4_conflict_variant_synthetic,10,26,122,-13.263388741050576,-13.263388741050576,false
A4_conflict_variant_synthetic,10,27,864,-80.395968255381007,-80.395968255381007,false
A4_conflict_variant_synthetic,10,28,999,52.491439143493295,52.491439143493295,false
A4_conflict_variant_synthetic,10,29,449,72.067237864473583,72.067237864473583,false
A4_conflict_variant_synthetic,10,30,94,-90.317792703460668,-90.317792703460668,false
A4_conflict_variant_synthetic,10,31,108,36.192350889451689,36.192350889451689,false
A4_conflict_variant_synthetic,10,32,107,37.898723587916294,37.898723587916294,false
A4_conflict_variant_synthetic,10,33,633,78.877310250817629,78.877310250817629,false
A4_conflict_variant_synthetic,10,34,79,46.823230670622195,46.823230670622195,false
A4_conflict_variant_synthetic,10,35,15,25.63984762541989,25.63984762541989,false
A4_conflict_variant_synthetic,10,36,836,-33.932398126482738,-33.932398126482738,false
A4_conflict_variant_synthetic,10,37,253,60.848034585357851,60.848034585357851,false
A4_conflict_variant_synthetic,10,38,460,81.668927672866886,81.668927672866886,false
A4_conflict_variant_synthetic,10,39,820,93.555338425262079,93.555338425262079,false
A4_conflict_variant_synthetic,10,40,960,-9.1577928037050782,-9.1577928037050782,false
A4_conflict_variant_synthetic,10,41,154,85.423524175456151,85.423524175456151,false
A4_conflict_variant_synthetic,10,42,674,89.186153260784891,89.186153260784891,false
A4_conflict_variant_synthetic,10,43,624,45.271428506937298,45.271428506937298,false
A4_conflict_variant_synthetic,10,44,795,-87.504662055838068,-87.504662055838068,false
A4_conflict_variant_synthetic,10,45,528,24.737570851412443,24.737570851412443,false
A4_conflict_variant_synthetic,10,46,97,-39.982512135636348,-39.982512135636348,false
A4_conflict_variant_synthetic,10,47,71,-42.565555695269182,-42.565555695269182,false
A4_conflict_variant_synthetic,10,48,465,11.209881032059911,11.209881032059911,false
A4_conflict_variant_synthetic,10,49,143,-38.587488649398097,-38.587488649398097,false
A4_conflict_variant_synthetic,10,50,484,-51.52181416047754,-51.52181416047754,false
A4_conflict_variant_synthetic,10,51,876,-73.118127954474161,-73.118127954474161,false
A4_conflict_variant_synthetic,10,52,958,-61.545963805764359,-61.545963805764359,false
A4_conflict_variant_synthetic,10,53,245,39.859374556146975,39.859374556146975,false
A4_conflict_variant_synthetic,10,54,390,-83.809601615139854,-83.809601615139854,false
A4_conflict_variant_synthetic,10,55,764,-41.238065095236642,-41.238065095236642,false
A4_conflict_variant_synthetic,10,56,556,-4.7381362493708252,-4.7381362493708252,false
A4_conflict_variant_synthetic,10,57,385,-44.496098059581279,-44.496098059581279,false
A4_conflict_variant_synthetic,10,58,38,48.850192207305724,48.850192207305724,false
A4_conflict_variant_synthetic,10,59,685,6.8070115263478215,6.8070115263478215,false
A4_conflict_variant_synthetic,10,60,428,95.737314365100701,95.737314365100701,false
A4_conflict_variant_synthetic,10,61,115,-91.81437674376383,-91.81437674376383,false
A4_conflict_variant_synthetic,10,62,737,-23.801924532853235,-23.801924532853235,false
A4_conflict_variant_synthetic,10,63,913,77.065243968783165,77.065243968783165,false
A4_conflict_variant_synthetic,10,64,72,48.662101315708441,48.662101315708441,false
A4_conflict_variant_synthetic,10,65,723,-42.68498340657694,-42.68498340657694,false
A4_conflict_variant_synthetic,10,66,851,70.884460871320783,70.884460871320783,false
A4_conflict_variant_synthetic,10,67,406,-53.146734060333323,-53.146734060333323,false
A4_conflict_variant_synthetic,10,68,445,47.232490021941686,47.232490021941686,false
A4_conflict_variant_synthetic,10,69,784,95.028392982163012,95.028392982163012,false
A4_conflict_variant_synthetic,10,70,502,-16.85535680895272,-16.85535680895272,false
A4_conflict_variant_synthetic,10,71,215,-8.6209182108883056,-8.6209182108883056,false
A4_conflict_variant_synthetic,10,72,250,24.962970719194445,24.962970719194445,false
A4_conflict_variant_synthetic,10,73,555,-56.459272330174159,-56.459272330174159,false
A4_conflict_variant_synthetic,10,74,898,-85.960276530795483,-85.960276530795483,false
A4_conflict_variant_synthetic,10,75,325,82.023105398973229,82.023105398973229,false
A4_conflict_variant_synthetic,10,76,112,-86.702417102889925,-86.702417102889925,false
A4_conflict_variant_synthetic,10,77,118,-20.936751335079734,-20.936751335079734,false
A4_conflict_variant_synthetic,10,78,89,-60.789153230047098,-60.789153230047098,false
A4_conflict_variant_synthetic,10,79,766,-80.13425578129781,-80.13425578129781,false
A4_conflict_variant_synthetic,10,80,497,-11.16250069339489,-11.16250069339489,false
A4_conflict_variant_synthetic,10,81,351,34.568006808036898,34.568006808036898,false
A4_conflict_variant_synthetic,10,82,912,-30.339514079219427,-30.339514079219427,false
A4_conflict_variant_synthetic,10,83,498,55.594013609181104,55.594013609181104,false
A4_conflict_variant_synthetic,10,84,690,24.228041410943007,24.228041410943007,false
A4_conflict_variant_synthetic,10,85,511,64.779587402957418,64.779587402957418,false
A4_conflict_variant_synthetic,10,86,561,-33.726842532377503,-33.726842532377503,false
A4_conflict_variant_synthetic,10,87,116,73.988613251950483,73.988613251950483,false
A4_conflict_variant_synthetic,10,88,911,87.92338915205994,87.92338915205994,false
A4_conflict_variant_synthetic,10,89,553,44.532130422061442,44.532130422061442,false
A4_conflict_variant_synthetic,10,90,786,85.741968420027177,85.741968420027177,false
A4_conflict_variant_synthetic,10,91,180,-85.986314236121814,-85.986314236121814,false
A4_conflict_variant_synthetic,10,92,302,88.08737016395645,88.08737016395645,false
A4_conflict_variant_synthetic,10,93,464,-63.998010063854373,-63.998010063854373,false
A4_conflict_variant_synthetic,10,94,946,-5.1154280478340297,-5.1154280478340297,false
A4_conflict_variant_synthetic,10,95,625,-25.141746247363912,-25.141746247363912,false
A4_conflict_variant_synthetic,10,96,43,8.4269815484326642,8.4269815484326642,false
A4_conflict_variant_synthetic,10,97,419,-94.403863774992104,-94.403863774992104,false
A4_conflict_variant_synthetic,10,98,219,38.685986749799071,38.685986749799071,false
A4_conflict_variant_synthetic,10,99,217,-6.4786959773548602,-6.4786959773548602,false
A4_conflict_variant_synthetic,10,100,720,93.80552757970915,74.424974821738232,true
A4_conflict_variant_synthetic,10,101,653,-83.849696586109474,-85.464726927498532,true
A4_conflict_variant_synthetic,10,102,125,13.685578055709911,2.3170202501389188,true
A4_conflict_variant_synthetic,10,103,994,-53.045848636348289,-57.741263772713459,true
A4_conflict_variant_synthetic,10,104,930,26.546225959971451,13.891603363974305,true
A4_conflict_variant_synthetic,11,0,720,93.80552757970915,94.424974821738232,true
A4_conflict_variant_synthetic,11,1,653,-83.849696586109474,-65.464726927498532,true
A4_conflict_variant_synthetic,11,2,125,13.685578055709911,22.317020250138921,true
A4_conflict_variant_synthetic,11,3,994,-53.045848636348289,-37.741263772713459,true
A4_conflict_variant_synthetic,11,4,930,26.546225959971451,33.891603363974305,true
A4_conflict_variant_synthetic,11,5,978,-34.664549268181361,-34.664549268181361,false
A4_conflict_variant_synthetic,11,6,743,22.1666029956844,22.1666029956844,false
A4_conflict_variant_synthetic,11,7,651,-19.617547421011409,-19.617547421011409,false
A4_conflict_variant_synthetic,11,8,672,46.360492008425922,46.360492008425922,false
A4_conflict_variant_synthetic,11,9,52,-77.138615399254974,-77.138615399254974,false
A4_conflict_variant_synthetic,11,10,871,-71.049936176706368,-71.049936176706368,false
A4_conflict_variant_synthetic,11,11,75,95.926123241018246,95.926123241018246,false
A4_conflict_variant_synthetic,11,12,837,-15.700420552906706,-15.700420552906706,false
A4_conflict_variant_synthetic,11,13,510,-80.979152623557809,-80.979152623557809,false
A4_conflict_variant_synthetic,11,14,255,39.127805000153415,39.127805000153415,false
A4_conflict_variant_synthetic,11,15,927,-81.834185851924673,-81.834185851924673,false
A4_conflict_variant_synthetic,11,16,603,-23.880008532282687,-23.880008532282687,false
A4_conflict_variant_synthetic,11,17,384,70.522866434029766,70.522866434029766,false
A4_conflict_variant_synthetic,11,18,645,3.5104991784909316,3.5104991784909316,false
A4_conflict_variant_synthetic,11,19,721,-97.843389312294548,-97.843389312294548,false
A4_conflict_variant_synthetic,11,20,177,5.2058073521198622,5.2058073521198622,false
A4_conflict_variant_synthetic,11,21,713,-66.707364447977113,-66.707364447977113,false
A4_conflict_variant_synthetic,11,22,412,-39.475772357947946,-39.475772357947946,false
A4_conflict_variant_synthetic,11,23,926,43.99091182461882,43.99091182461882,false
A4_conflict_variant_synthetic,11,24,635,95.195024673606753,95.195024673606753,false
A4_conflict_variant_synthetic,11,25,65,-36.757631754913575,-43.08186857942222,true
A4_conflict_variant_synthetic,11,26,812,87.411773504462076,68.670596154015868,true
A4_conflict_variant_synthetic,11,27,854,72.827159057594599,55.544443151835139,true
A4_conflict_variant_synthetic,11,28,545,24.108879440230368,11.697991496207329,true
A4_conflict_variant_synthetic,11,29,429,-32.921704298858103,-39.629533868972295,true
A4_conflict_variant_synthetic,12,0,65,-36.757631754913575,-23.081868579422217,true
A4_conflict_variant_synthetic,12,1,812,87.411773504462076,88.670596154015868,true
A4_conflict_variant_synthetic,12,2,854,72.827159057594599,75.544443151835139,true
A4_conflict_variant_synthetic,12,3,545,24.108879440230368,31.697991496207329,true
A4_conflict_variant_synthetic,12,4,429,-32.921704298858103,-19.629533868972288,true
A4_conflict_variant_synthetic,12,5,468,13.5369666696282,13.5369666696282,false
A4_conflict_variant_synthetic,12,6,56,-0.38045663645731054,-0.38045663645731054,false
A4_conflict_variant_synthetic,12,7,602,-18.557908731674317,-18.557908731674317,false
A4_conflict_variant_synthetic,12,8,513,-0.57605294110889815,-0.57605294110889815,false
A4_conflict_variant_synthetic,12,9,279,52.573420735159971,52.573420735159971,false
A4_conflict_variant_synthetic,12,10,885,86.701978532810244,86.701978532810244,false
A4_conflict_variant_synthetic,12,11,457,-78.617628475406207,-78.617628475406207,false
A4_conflict_variant_synthetic,12,12,292,49.455534108018583,49.455534108018583,false
A4_conflict_variant_synthetic,12,13,145,-19.250881192502206,-19.250881192502206,false
A4_conflict_variant_synthetic,12,14,686,-37.37665948526265,-37.37665948526265,false
A4_conflict_variant_synthetic,12,15,517,66.937116571013831,66.937116571013831,false
A4_conflict_variant_synthetic,12,16,260,-73.390125752869437,-73.390125752869437,false
A4_conflict_variant_synthetic,12,17,64,64.057172600239056,64.057172600239056,false
A4_conflict_variant_synthetic,12,18,859,75.347202284113621,75.347202284113621,false
A4_conflict_variant_synthetic,12,19,687,67.769016240912038,67.769016240912038,false
A4_conflict_variant_synthetic,12,20,489,77.330313311777985,77.330313311777985,false
A4_conflict_variant_synthetic,12,21,571,65.570436202148045,65.570436202148045,false
A4_conflict_variant_synthetic,12,22,197,-56.430966349535929,-56.430966349535929,false
A4_conflict_variant_synthetic,12,23,589,49.35661920130218,49.35661920130218,false
A4_conflict_variant_synthetic,12,24,782,83.346903841429707,83.346903841429707,false
A4_conflict_variant_synthetic,12,25,860,85.930595397789403,85.930595397789403,false
A4_conflict_variant_synthetic,12,26,492,-15.450258939823101,-15.450258939823101,false
A4_conflict_variant_synthetic,12,27,710,56.010000795589207,56.010000795589207,false
A4_conflict_variant_synthetic,12,28,114,-81.529842034456806,-81.529842034456806,false
A4_conflict_variant_synthetic,12,29,382,64.484885111543832,64.484885111543832,false
A4_conflict_variant_synthetic,12,30,87,-65.219307076579483,-65.219307076579483,false
A4_conflict_variant_synthetic,12,31,92,-68.11995857019582,-68.11995857019582,false
A4_conflict_variant_synthetic,12,32,148,-96.840859199303878,-96.840859199303878,false
A4_conflict_variant_synthetic,12,33,467,37.850001702704475,37.850001702704475,false
A4_conflict_variant_synthetic,12,34,162,-40.749811461655042,-40.749811461655042,false
A4_conflict_variant_synthetic,12,35,698,46.880212278080535,46.880212278080535,false
A4_conflict_variant_synthetic,12,36,691,56.888919376351197,56.888919376351197,false
A4_conflict_variant_synthetic,12,37,758,-92.789713856996443,-92.789713856996443,false
A4_conflict_variant_synthetic,12,38,817,-55.481313286748431,-55.481313286748431,false
A4_conflict_variant_synthetic,12,39,768,79.271017318407786,79.271017318407786,false
A4_conflict_variant_synthetic,12,40,948,-61.523574750019016,-61.523574750019016,false
A4_conflict_variant_synthetic,12,41,677,26.584457935183693,26.584457935183693,false
A4_conflict_variant_synthetic,12,42,972,-32.831600009495119,-32.831600009495119,false
A4_conflict_variant_synthetic,12,43,844,-99.298675850298991,-99.298675850298991,false
A4_conflict_variant_synthetic,12,44,878,79.389306025184709,79.389306025184709,false
A4_conflict_variant_synthetic,12,45,127,-7.8068042713666586,-7.8068042713666586,false
A4_conflict_variant_synthetic,12,46,970,37.57203049539973,37.57203049539973,false
A4_conflict_variant_synthetic,12,47,748,23.45693667233661,23.45693667233661,false
A4_conflict_variant_synthetic,12,48,697,65.15552258265356,65.15552258265356,false
A4_conflict_variant_synthetic,12,49,708,-52.625907621112859,-52.625907621112859,false
A4_conflict_variant_synthetic,12,50,574,50.520206446252615,50.520206446252615,false
A4_conflict_variant_synthetic,12,51,379,-28.540979486311429,-28.540979486311429,false
A4_conflict_variant_synthetic,12,52,249,-79.049235761923228,-79.049235761923228,false
A4_conflict_variant_synthetic,12,53,310,-91.872097358765714,-91.872097358765714,false
A4_conflict_variant_synthetic,12,54,25,-79.602303066642648,-79.602303066642648,false
A4_conflict_variant_synthetic,12,55,194,-3.7972037206926359,-3.7972037206926359,false
A4_conflict_variant_synthetic,12,56,324,28.654872746484585,28.654872746484585,false
A4_conflict_variant_synthetic,12,57,203,-69.355178376259659,-69.355178376259659,false
A4_conflict_variant_synthetic,12,58,447,-58.592865603972896,-58.592865603972896,false
A4_conflict_variant_synthetic,12,59,113,-50.296214741237065,-50.296214741237065,false
A4_conflict_variant_synthetic,12,60,716,-11.555848295191652,-11.555848295191652,false
A4_conflict_variant_synthetic,12,61,604,-39.261552704413759,-39.261552704413759,false
A4_conflict_variant_synthetic,12,62,435,-12.195424533650694,-12.195424533650694,false
A4_conflict_variant_synthetic,12,63,316,-6.2048677152303497,-6.2048677152303497,false
A4_conflict_variant_synthetic,12,64,240,94.341707648627079,94.341707648627079,false
A4_conflict_variant_synthetic,12,65,532,-34.775397930779235,-34.775397930779235,false
A4_conflict_variant_synthetic,12,66,667,66.513198166261418,66.513198166261418,false
A4_conflict_variant_synthetic,12,67,456,82.710867111019581,82.710867111019581,false
A4_conflict_variant_synthetic,12,68,227,-87.67900547148129,-87.67900547148129,false
A4_conflict_variant_synthetic,12,69,963,-62.174170283545749,-62.174170283545749,false
A4_conflict_variant_synthetic,12,70,333,-91.232156781800853,-91.232156781800853,false
A4_conflict_variant_synthetic,12,71,40,-9.799427654734032,-9.799427654734032,false
A4_conflict_variant_synthetic,12,72,870,80.063026368265554,80.063026368265554,false
A4_conflict_variant_synthetic,12,73,775,27.199882584985872,27.199882584985872,false
A4_conflict_variant_synthetic,12,74,727,64.612653872571059,64.612653872571059,false
A4_conflict_variant_synthetic,12,75,544,-65.468298335179838,-65.468298335179838,false
A4_conflict_variant_synthetic,12,76,929,29.923768400923706,29.923768400923706,false
A4_conflict_variant_synthetic,12,77,496,-42.289852935744385,-42.289852935744385,false
A4_conflict_variant_synthetic,12,78,252,-2.2006649062979307,-2.2006649062979307,false
A4_conflict_variant_synthetic,12,79,888,21.890530863633145,21.890530863633145,false
A4_conflict_variant_synthetic,12,80,187,-5.3077575355702038,-5.3077575355702038,false
A4_conflict_variant_synthetic,12,81,436,-74.818769264225608,-74.818769264225608,false
A4_conflict_variant_synthetic,12,82,6,-69.711496685040444,-69.711496685040444,false
A4_conflict_variant_synthetic,12,83,709,49.577676429501849,49.577676429501849,false
A4_conflict_variant_synthetic,12,84,443,-8.9187995574752392,-8.9187995574752392,false
A4_conflict_variant_synthetic,12,85,986,-79.501570263843519,-79.501570263843519,false
A4_conflict_variant_synthetic,12,86,788,-68.795232714445831,-68.795232714445831,false
A4_conflict_variant_synthetic,12,87,756,-22.031827972385614,-22.031827972385614,false
A4_conflict_variant_synthetic,12,88,793,24.383243453948509,24.383243453948509,false
A4_conflict_variant_synthetic,12,89,131,-36.870230852760329,-36.870230852760329,false
A4_conflict_variant_synthetic,12,90,530,-95.603519750870277,-95.603519750870277,false
A4_conflict_variant_synthetic,12,91,997,-86.592474059034117,-86.592474059034117,false
A4_conflict_variant_synthetic,12,92,886,94.485386459247678,94.485386459247678,false
A4_conflict_variant_synthetic,12,93,618,-91.756757748082478,-91.756757748082478,false
A4_conflict_variant_synthetic,12,94,659,52.097414470554668,52.097414470554668,false
A4_conflict_variant_synthetic,12,95,12,-50.526634014324578,-50.526634014324578,false
A4_conflict_variant_synthetic,12,96,724,-84.253227573521144,-84.253227573521144,false
A4_conflict_variant_synthetic,12,97,273,-24.491362442319058,-24.491362442319058,false
A4_conflict_variant_synthetic,12,98,908,-41.95371380259121,-41.95371380259121,false
A4_conflict_variant_synthetic,12,99,402,-7.6957732993341494,-7.6957732993341494,false
A4_conflict_variant_synthetic,12,100,129,17.973428020369383,6.1760852183324442,true
A4_conflict_variant_synthetic,12,101,537,-22.639842582242721,-30.375858324018449,true
A4_conflict_variant_synthetic,12,102,979,-25.519554224829633,-32.967598802346672,true
A4_conflict_variant_synthetic,12,103,977,-76.373329565829962,-78.735996609246968,true
A4_conflict_variant_synthetic,12,104,269,-4.4871373485280799,-14.038423613675272,true
A4_conflict_variant_synthetic,13,0,129,17.973428020369383,26.176085218332446,true
A4_conflict_variant_synthetic,13,1,537,-22.639842582242721,-10.375858324018449,true
A4_conflict_variant_synthetic,13,2,979,-25.519554224829633,-12.96759880234667,true
A4_conflict_variant_synthetic,13,3,977,-76.373329565829962,-58.735996609246968,true
A4_conflict_variant_synthetic,13,4,269,-4.4871373485280799,5.9615763863247295,true
A4_conflict_variant_synthetic,13,5,955,-67.95490780078859,-67.95490780078859,false
A4_conflict_variant_synthetic,13,6,290,-94.894940302234929,-94.894940302234929,false
A4_conflict_variant_synthetic,13,7,166,56.942795704619613,56.942795704619613,false
A4_conflict_variant_synthetic,13,8,314,42.046605521033513,42.046605521033513,false
A4_conflict_variant_synthetic,13,9,648,11.92090394561572,11.92090394561572,false
A4_conflict_variant_synthetic,13,10,811,-49.494821409667942,-49.494821409667942,false
A4_conflict_variant_synthetic,13,11,231,-79.547805582948499,-79.547805582948499,false
A4_conflict_variant_synthetic,13,12,415,-37.847383276965708,-37.847383276965708,false
A4_conflict_variant_synthetic,13,13,650,-57.619702191597156,-57.619702191597156,false
A4_conflict_variant_synthetic,13,14,700,4.7775056262569819,4.7775056262569819,false
A4_conflict_variant_synthetic,13,15,478,-67.245321800307863,-67.245321800307863,false
A4_conflict_variant_synthetic,13,16,629,-82.732044660361169,-82.732044660361169,false
A4_conflict_variant_synthetic,13,17,865,-19.902695882298687,-19.902695882298687,false
A4_conflict_variant_synthetic,13,18,422,89.746871792333593,89.746871792333593,false
A4_conflict_variant_synthetic,13,19,407,12.309813836618929,12.309813836618929,false
A4_conflict_variant_synthetic,13,20,201,77.035511771117598,77.035511771117598,false
A4_conflict_variant_synthetic,13,21,337,95.906039168608913,95.906039168608913,false
A4_conflict_variant_synthetic,13,22,640,-57.939185617994852,-57.939185617994852,false
A4_conflict_variant_synthetic,13,23,565,-64.959067888510134,-64.959067888510134,false
A4_conflict_variant_synthetic,13,24,642,90.054831335600142,90.054831335600142,false
A4_conflict_variant_synthetic,13,25,383,38.954015434783287,38.954015434783287,false
A4_conflict_variant_synthetic,13,26,803,-93.329470717478614,-93.329470717478614,false
A4_conflict_variant_synthetic,13,27,989,89.963508671568405,89.963508671568405,false
A4_conflict_variant_synthetic,13,28,434,60.190582543747212,60.190582543747212,false
A4_conflict_variant_synthetic,13,29,266,-19.361995658077703,-19.361995658077703,false
A4_conflict_variant_synthetic,13,30,516,72.000869200394334,72.000869200394334,false
A4_conflict_variant_synthetic,13,31,609,9.4748456573677515,9.4748456573677515,false
A4_conflict_variant_synthetic,13,32,557,-5.2893649733699419,-5.2893649733699419,false
A4_conflict_variant_synthetic,13,33,490,86.569444532972796,86.569444532972796,false
A4_conflict_variant_synthetic,13,34,61,-18.123912381895394,-18.123912381895394,false
A4_conflict_variant_synthetic,13,35,770,-56.534994675366733,-56.534994675366733,false
A4_conflict_variant_synthetic,13,36,317,-97.858722810716586,-97.858722810716586,false
A4_conflict_variant_synthetic,13,37,747,43.556622575168376,43.556622575168376,false
A4_conflict_variant_synthetic,13,38,680,-22.71021187778986,-22.71021187778986,false
A4_conflict_variant_synthetic,13,39,536,49.094892132963878,49.094892132963878,false
A4_conflict_variant_synthetic,13,40,787,44.809242528260881,44.809242528260881,false
A4_conflict_variant_synthetic,13,41,156,47.448774899950109,47.448774899950109,false
A4_conflict_variant_synthetic,13,42,630,66.850960779138404,66.850960779138404,false
A4_conflict_variant_synthetic,13,43,821,-87.532564254643546,-87.532564254643546,false
A4_conflict_variant_synthetic,13,44,576,-47.676007068302972,-47.676007068302972,false
A4_conflict_variant_synthetic,13,45,281,11.340737919363207,11.340737919363207,false
A4_conflict_variant_synthetic,13,46,117,-23.628608171138254,-23.628608171138254,false
A4_conflict_variant_synthetic,13,47,157,9.3521833552154874,9.3521833552154874,false
A4_conflict_variant_synthetic,13,48,171,54.17582804192719,54.17582804192719,false
A4_conflict_variant_synthetic,13,49,950,35.980143944069596,35.980143944069596,false
A4_conflict_variant_synthetic,13,50,506,3.8953823329056263,-6.4941559003849374,true
A4_conflict_variant_synthetic,13,51,319,-68.118186002064959,-71.306367401858466,true
A4_conflict_variant_synthetic,13,52,843,-37.177998509621005,-43.460198658658904,true
A4_conflict_variant_synthetic,13,53,867,0.2444812631195532,-9.7799668631924028,true
A4_conflict_variant_synthetic,13,54,488,65.697629094054548,49.127866184649093,true
A4_conflict_variant_synthetic,14,0,506,3.8953823329056263,13.505844099615064,true
A4_conflict_variant_synthetic,14,1,319,-68.118186002064959,-51.306367401858466,true
A4_conflict_variant_synthetic,14,2,843,-37.177998509621005,-23.460198658658904,true
A4_conflict_variant_synthetic,14,3,867,0.2444812631195532,10.220033136807599,true
A4_conflict_variant_synthetic,14,4,488,65.697629094054548,69.127866184649093,true
A4_conflict_variant_synthetic,14,5,192,-99.330644158724198,-99.330644158724198,false
A4_conflict_variant_synthetic,14,6,397,-75.674460299878263,-75.674460299878263,false
A4_conflict_variant_synthetic,14,7,610,-15.7736411351149,-15.7736411351149,false
A4_conflict_variant_synthetic,14,8,426,-56.796266660009721,-56.796266660009721,false
A4_conflict_variant_synthetic,14,9,840,17.746602996022801,17.746602996022801,false
A4_conflict_variant_synthetic,14,10,706,39.097038809757578,39.097038809757578,false
A4_conflict_variant_synthetic,14,11,278,67.849649959645092,67.849649959645092,false
A4_conflict_variant_synthetic,14,12,981,26.260438907137299,26.260438907137299,false
A4_conflict_variant_synthetic,14,13,636,67.207601344078626,67.207601344078626,false
A4_conflict_variant_synthetic,14,14,828,-24.413240877403084,-24.413240877403084,false
A4_conflict_variant_synthetic,14,15,783,-66.325115369458089,-66.325115369458089,false
A4_conflict_variant_synthetic,14,16,247,11.603501966159783,11.603501966159783,false
A4_conflict_variant_synthetic,14,17,639,-62.439464334745495,-62.439464334745495,false
A4_conflict_variant_synthetic,14,18,207,-16.406548586656442,-16.406548586656442,false
A4_conflict_variant_synthetic,14,19,256,51.169132448723531,51.169132448723531,false
A4_conflict_variant_synthetic,14,20,849,64.589158925513743,64.589158925513743,false
A4_conflict_variant_synthetic,14,21,679,14.547032221282848,14.547032221282848,false
A4_conflict_variant_synthetic,14,22,35,2.1321657307767197,2.1321657307767197,false
A4_conflict_variant_synthetic,14,23,366,-70.653114592025531,-70.653114592025531,false
A4_conflict_variant_synthetic,14,24,835,53.960243811771392,53.960243811771392,false
A4_conflict_variant_synthetic,14,25,874,36.519919504809621,22.867927554328659,true
A4_conflict_variant_synthetic,14,26,450,-52.786986590739836,-57.508287931665855,true
A4_conflict_variant_synthetic,14,27,387,81.684957769312291,63.51646199238106,true
A4_conflict_variant_synthetic,14,28,220,33.775278759806184,20.397750883825566,true
A4_conflict_variant_synthetic,14,29,259,-8.0484258532753614,-17.243583267947827,true
A4_conflict_variant_synthetic,15,0,874,36.519919504809621,42.867927554328659,true
A4_conflict_variant_synthetic,15,1,450,-52.786986590739836,-37.508287931665848,true
A4_conflict_variant_synthetic,15,2,387,81.684957769312291,83.516461992381068,true
A4_conflict_variant_synthetic,15,3,220,33.775278759806184,40.397750883825566,true
A4_conflict_variant_synthetic,15,4,259,-8.0484258532753614,2.7564167320521751,true
A4_conflict_variant_synthetic,15,5,309,-18.379632413365982,-18.379632413365982,false
A4_conflict_variant_synthetic,15,6,106,57.11827221173678,57.11827221173678,false
A4_conflict_variant_synthetic,15,7,996,8.4382813693488146,8.4382813693488146,false
A4_conflict_variant_synthetic,15,8,705,-71.807451784716861,-71.807451784716861,false
A4_conflict_variant_synthetic,15,9,210,-67.701850702601021,-67.701850702601021,false
A4_conflict_variant_synthetic,15,10,461,-42.884530669607493,-42.884530669607493,false
A4_conflict_variant_synthetic,15,11,331,-45.646933405714705,-45.646933405714705,false
A4_conflict_variant_synthetic,15,12,634,56.126087174887061,56.126087174887061,false
A4_conflict_variant_synthetic,15,13,155,39.070119022538847,39.070119022538847,false
A4_conflict_variant_synthetic,15,14,369,0.48410105346579257,0.48410105346579257,false
A4_conflict_variant_synthetic,15,15,367,-86.763516503504263,-86.763516503504263,false
A4_conflict_variant_synthetic,15,16,872,70.936883965102879,70.936883965102879,false
A4_conflict_variant_synthetic,15,17,139,-17.177666158446385,-17.177666158446385,false
A4_conflict_variant_synthetic,15,18,524,36.36947718636668,36.36947718636668,false
A4_conflict_variant_synthetic,15,19,149,-72.700286234975977,-72.700286234975977,false
A4_conflict_variant_synthetic,15,20,846,11.023449450105389,11.023449450105389,false
A4_conflict_variant_synthetic,15,21,160,-22.992465388288096,-22.992465388288096,false
A4_conflict_variant_synthetic,15,22,45,97.042670717181835,97.042670717181835,false
A4_conflict_variant_synthetic,15,23,170,98.948504287549923,98.948504287549923,false
A4_conflict_variant_synthetic,15,24,548,54.788099162937868,54.788099162937868,false
A4_conflict_variant_synthetic,15,25,2,64.108404274875255,47.697563847387727,true
A4_conflict_variant_synthetic,15,26,420,39.957498909091896,25.961749018182708,true
A4_conflict_variant_synthetic,15,27,531,16.447429563991321,4.8026866075921877,true
A4_conflict_variant_synthetic,15,28,485,58.450559878110369,42.605503890299332,true
A4_conflict_variant_synthetic,15,29,183,-16.434502280627015,-24.791052052564314,true
A4_conflict_variant_synthetic,16,0,2,64.108404274875255,67.697563847387727,true
A4_conflict_variant_synthetic,16,1,420,39.957498909091896,45.961749018182708,true
A4_conflict_variant_synthetic,16,2,531,16.447429563991321,24.802686607592189,true
A4_conflict_variant_synthetic,16,3,485,58.450559878110369,62.605503890299332,true
A4_conflict_variant_synthetic,16,4,183,-16.434502280627015,-4.7910520525643125,true
A4_conflict_variant_synthetic,16,5,11,-35.280572546169225,-35.280572546169225,false
A4_conflict_variant_synthetic,16,6,688,-30.206714545850005,-30.206714545850005,false
A4_conflict_variant_synthetic,16,7,74,-42.18270178622987,-42.18270178622987,false
A4_conflict_variant_synthetic,16,8,308,63.514427564384249,63.514427564384249,false
A4_conflict_variant_synthetic,16,9,507,54.340496035781115,54.340496035781115,false
A4_conflict_variant_synthetic,16,10,790,82.558892810343394,82.558892810343394,false
A4_conflict_variant_synthetic,16,11,514,-61.310586105974977,-61.310586105974977,false
A4_conflict_variant_synthetic,16,12,961,99.707875029059863,99.707875029059863,false
A4_conflict_variant_synthetic,16,13,774,-97.036700895624833,-97.036700895624833,false
A4_conflict_variant_synthetic,16,14,647,-50.585604220448332,-50.585604220448332,false
A4_conflict_variant_synthetic,16,15,605,-4.5016542505034778,-4.5016542505034778,false
A4_conflict_variant_synthetic,16,16,5,-32.716790910406843,-32.716790910406843,false
A4_conflict_variant_synthetic,16,17,608,-77.167911988145562,-77.167911988145562,false
A4_conflict_variant_synthetic,16,18,362,14.906101134274891,14.906101134274891,false
A4_conflict_variant_synthetic,16,19,193,-90.733950338972093,-90.733950338972093,false
A4_conflict_variant_synthetic,16,20,358,-62.024049461684982,-62.024049461684982,false
A4_conflict_variant_synthetic,16,21,463,23.173531759236667,23.173531759236667,false
A4_conflict_variant_synthetic,16,22,925,-26.774222354770913,-26.774222354770913,false
A4_conflict_variant_synthetic,16,23,355,-39.868944121242933,-39.868944121242933,false
A4_conflict_variant_synthetic,16,24,942,43.423817634638539,43.423817634638539,false
A4_conflict_variant_synthetic,16,25,411,12.434229668010218,1.1908067012091959,true
A4_conflict_variant_synthetic,16,26,425,-19.987385525796128,-27.988646973216518,true
A4_conflict_variant_synthetic,16,27,349,78.578757895524944,60.72088210597245,true
A4_conflict_variant_synthetic,16,28,204,69.317864504890593,52.386078054401537,true
A4_conflict_variant_synthetic,16,29,144,89.305420227587916,70.374878204829116,true
A4_conflict_variant_synthetic,17,0,411,12.434229668010218,21.190806701209198,true
A4_conflict_variant_synthetic,17,1,425,-19.987385525796128,-7.9886469732165146,true
A4_conflict_variant_synthetic,17,2,349,78.578757895524944,80.72088210597245,true
A4_conflict_variant_synthetic,17,3,204,69.317864504890593,72.386078054401537,true
A4_conflict_variant_synthetic,17,4,144,89.305420227587916,90.37487820482913,true
A4_conflict_variant_synthetic,17,5,965,-60.342163482688214,-60.342163482688214,false
A4_conflict_variant_synthetic,17,6,909,-62.956810032155254,-62.956810032155254,false
A4_conflict_variant_synthetic,17,7,392,95.950188549562341,95.950188549562341,false
A4_conflict_variant_synthetic,17,8,831,44.979382665951306,44.979382665951306,false
A4_conflict_variant_synthetic,17,9,638,56.515805097549844,56.515805097549844,false
A4_conflict_variant_synthetic,17,10,551,-90.158538251752105,-90.158538251752105,false
A4_conflict_variant_synthetic,17,11,611,-2.7326655667708764,-2.7326655667708764,false
A4_conflict_variant_synthetic,17,12,373,-39.397742746888383,-39.397742746888383,false
A4_conflict_variant_synthetic,17,13,338,-5.1401741546101647,-5.1401741546101647,false
A4_conflict_variant_synthetic,17,14,760,-92.640259721090672,-92.640259721090672,false
A4_conflict_variant_synthetic,17,15,614,82.357467538014163,82.357467538014163,false
A4_conflict_variant_synthetic,17,16,569,53.220646195147935,53.220646195147935,false
A4_conflict_variant_synthetic,17,17,39,-31.795892081390818,-31.795892081390818,false
A4_conflict_variant_synthetic,17,18,631,76.828200097001144,76.828200097001144,false
A4_conflict_variant_synthetic,17,19,101,48.463650794313423,48.463650794313423,false
A4_conflict_variant_synthetic,17,20,711,-70.681581572239409,-70.681581572239409,false
A4_conflict_variant_synthetic,17,21,30,8.7711471770646625,8.7711471770646625,false
A4_conflict_variant_synthetic,17,22,916,-32.650362720819913,-32.650362720819913,false
A4_conflict_variant_synthetic,17,23,892,-57.121274388406775,-57.121274388406775,false
A4_conflict_variant_synthetic,17,24,894,89.075728935908472,89.075728935908472,false
A4_conflict_variant_synthetic,17,25,133,-47.834136363417848,-47.834136363417848,false
A4_conflict_variant_synthetic,17,26,606,-89.929125241504664,-89.929125241504664,false
A4_conflict_variant_synthetic,17,27,595,17.074583842746208,17.074583842746208,false
A4_conflict_variant_synthetic,17,28,491,-36.362587387923753,-36.362587387923753,false
A4_conflict_variant_synthetic,17,29,816,-44.825712884430359,-44.825712884430359,false
A4_conflict_variant_synthetic,17,30,236,-6.2693105249489065,-6.2693105249489065,false
A4_conflict_variant_synthetic,17,31,613,1.7661435088364357,1.7661435088364357,false
A4_conflict_variant_synthetic,17,32,343,-46.648556141121198,-46.648556141121198,false
A4_conflict_variant_synthetic,17,33,487,-11.782332594589718,-11.782332594589718,false
A4_conflict_variant_synthetic,17,34,719,-92.645936556486589,-92.645936556486589,false
A4_conflict_variant_synthetic,17,35,327,-53.766042725974984,-53.766042725974984,false
A4_conflict_variant_synthetic,17,36,976,-39.45901604562092,-39.45901604562092,false
A4_conflict_variant_synthetic,17,37,261,17.32286949464465,17.32286949464465,false
A4_conflict_variant_synthetic,17,38,866,89.390235178380834,89.390235178380834,false
A4_conflict_variant_synthetic,17,39,0,-35.937325265175261,-35.937325265175261,false
A4_conflict_variant_synthetic,17,40,657,54.585911292475856,54.585911292475856,false
A4_conflict_variant_synthetic,17,41,581,94.02872298085407,94.02872298085407,false
A4_conflict_variant_synthetic,17,42,785,29.921920724326327,29.921920724326327,false
A4_conflict_variant_synthetic,17,43,211,1.4353234156021557,1.4353234156021557,false
A4_conflict_variant_synthetic,17,44,971,9.0750357536866915,9.0750357536866915,false
A4_conflict_variant_synthetic,17,45,794,16.884208149797502,16.884208149797502,false
A4_conflict_variant_synthetic,17,46,632,-64.011840817251667,-64.011840817251667,false
A4_conflict_variant_synthetic,17,47,622,-94.906806101232434,-94.906806101232434,false
A4_conflict_variant_synthetic,17,48,515,6.0347569238875991,6.0347569238875991,false
A4_conflict_variant_synthetic,17,49,802,-9.1971933263278487,-9.1971933263278487,false
A4_conflict_variant_synthetic,17,50,562,95.804426965872892,95.804426965872892,false
A4_conflict_variant_synthetic,17,51,330,-20.277948293716364,-20.277948293716364,false
A4_conflict_variant_synthetic,17,52,481,-30.250924536789128,-30.250924536789128,false
A4_conflict_variant_synthetic,17,53,294,84.560179287402008,84.560179287402008,false
A4_conflict_variant_synthetic,17,54,200,18.735048029156957,18.735048029156957,false
A4_conflict_variant_synthetic,17,55,399,21.527606922338435,21.527606922338435,false
A4_conflict_variant_synthetic,17,56,374,-97.174566070366524,-97.174566070366524,false
A4_conflict_variant_synthetic,17,57,597,2.1200800754274098,2.1200800754274098,false
A4_conflict_variant_synthetic,17,58,580,-85.166630073331731,-85.166630073331731,false
A4_conflict_variant_synthetic,17,59,257,-77.999366370406875,-77.999366370406875,false
A4_conflict_variant_synthetic,17,60,409,-92.738230317304371,-92.738230317304371,false
A4_conflict_variant_synthetic,17,61,354,-84.920306478958096,-84.920306478958096,false
A4_conflict_variant_synthetic,17,62,641,40.432196474537847,40.432196474537847,false
A4_conflict_variant_synthetic,17,63,318,-86.330805891302361,-86.330805891302361,false
A4_conflict_variant_synthetic,17,64,19,46.9781006269817,46.9781006269817,false
A4_conflict_variant_synthetic,17,65,438,13.46355555732319,13.46355555732319,false
A4_conflict_variant_synthetic,17,66,335,-38.011307307932583,-38.011307307932583,false
A4_conflict_variant_synthetic,17,67,414,11.472696446719596,11.472696446719596,false
A4_conflict_variant_synthetic,17,68,503,22.290944875514953,22.290944875514953,false
A4_conflict_variant_synthetic,17,69,307,-38.078898112128279,-38.078898112128279,false
A4_conflict_variant_synthetic,17,70,582,61.401599777494454,61.401599777494454,false
A4_conflict_variant_synthetic,17,71,652,-16.771740652989294,-16.771740652989294,false
A4_conflict_variant_synthetic,17,72,235,-9.2541067950862299,-9.2541067950862299,false
A4_conflict_variant_synthetic,17,73,615,-50.826692560172603,-50.826692560172603,false
A4_conflict_variant_synthetic,17,74,975,-99.13378374504363,-99.13378374504363,false
A4_conflict_variant_synthetic,17,75,224,90.545897831771214,90.545897831771214,false
A4_conflict_variant_synthetic,17,76,910,-97.680715955920277,-97.680715955920277,false
A4_conflict_variant_synthetic,17,77,28,87.962431257413698,87.962431257413698,false
A4_conflict_variant_synthetic,17,78,306,-0.82423738867288421,-0.82423738867288421,false
A4_conflict_variant_synthetic,17,79,585,51.816203018724821,51.816203018724821,false
A4_conflict_variant_synthetic,17,80,623,-74.841810548542355,-74.841810548542355,false
A4_conflict_variant_synthetic,17,81,275,-21.628599620419791,-21.628599620419791,false
A4_conflict_variant_synthetic,17,82,93,-37.816413311810734,-37.816413311810734,false
A4_conflict_variant_synthetic,17,83,164,-65.532684390055621,-65.532684390055621,false
A4_conflict_variant_synthetic,17,84,880,-66.813201503513767,-66.813201503513767,false
A4_conflict_variant_synthetic,17,85,370,94.150678577783737,94.150678577783737,false
A4_conflict_variant_synthetic,17,86,311,78.024529796666371,78.024529796666371,false
A4_conflict_variant_synthetic,17,87,550,84.952972557724053,84.952972557724053,false
A4_conflict_variant_synthetic,17,88,529,-13.678118548811426,-13.678118548811426,false
A4_conflict_variant_synthetic,17,89,459,-56.459098414047794,-56.459098414047794,false
A4_conflict_variant_synthetic,17,90,14,-66.641796238568915,-66.641796238568915,false
A4_conflict_variant_synthetic,17,91,88,-13.375754362225024,-13.375754362225024,false
A4_conflict_variant_synthetic,17,92,237,84.746454234844606,84.746454234844606,false
A4_conflict_variant_synthetic,17,93,291,12.202916220875835,12.202916220875835,false
A4_conflict_variant_synthetic,17,94,962,22.511173276230195,22.511173276230195,false
A4_conflict_variant_synthetic,17,95,147,7.4925709026626919,7.4925709026626919,false
A4_conflict_variant_synthetic,17,96,612,-13.711874778893417,-13.711874778893417,false
A4_conflict_variant_synthetic,17,97,494,-46.44949884459546,-46.44949884459546,false
A4_conflict_variant_synthetic,17,98,73,-82.517826040396415,-82.517826040396415,false
A4_conflict_variant_synthetic,17,99,268,-25.611162895266659,-25.611162895266659,false
A4_conflict_variant_synthetic,17,100,251,-15.173653995970042,-23.656288596373038,true
A4_conflict_variant_synthetic,17,101,869,51.141208245191962,36.027087420672764,true
A4_conflict_variant_synthetic,17,102,120,-69.077340759138735,-72.169606683224856,true
A4_conflict_variant_synthetic,17,103,902,7.0731209450121781,-3.6341911494890411,true
A4_conflict_variant_synthetic,17,104,856,-70.640242392701595,-73.576218153431441,true
A4_conflict_variant_synthetic,18,0,251,-15.173653995970042,-3.656288596373038,true
A4_conflict_variant_synthetic,18,1,869,51.141208245191962,56.027087420672764,true
A4_conflict_variant_synthetic,18,2,120,-69.077340759138735,-52.169606683224856,true
A4_conflict_variant_synthetic,18,3,902,7.0731209450121781,16.365808850510959,true
A4_conflict_variant_synthetic,18,4,856,-70.640242392701595,-53.576218153431434,true
A4_conflict_variant_synthetic,18,5,543,-72.523940262074646,-72.523940262074646,false
A4_conflict_variant_synthetic,18,6,815,-34.374873626946865,-34.374873626946865,false
A4_conflict_variant_synthetic,18,7,181,-84.837042610374723,-84.837042610374723,false
A4_conflict_variant_synthetic,18,8,728,-85.404831477885239,-85.404831477885239,false
A4_conflict_variant_synthetic,18,9,862,-23.007435177526105,-23.007435177526105,false
A4_conflict_variant_synthetic,18,10,499,-15.331353857575138,-15.331353857575138,false
A4_conflict_variant_synthetic,18,11,410,-56.299834107518798,-56.299834107518798,false
A4_conflict_variant_synthetic,18,12,792,59.16278984414879,59.16278984414879,false
A4_conflict_variant_synthetic,18,13,601,-78.695167404532924,-78.695167404532924,false
A4_conflict_variant_synthetic,18,14,375,-52.756998924960442,-52.756998924960442,false
A4_conflict_variant_synthetic,18,15,232,-32.920726490244107,-32.920726490244107,false
A4_conflict_variant_synthetic,18,16,405,-10.392165858830367,-10.392165858830367,false
A4_conflict_variant_synthetic,18,17,598,51.723294433282149,51.723294433282149,false
A4_conflict_variant_synthetic,18,18,391,-31.52301723023001,-31.52301723023001,false
A4_conflict_variant_synthetic,18,19,394,98.099280884338782,98.099280884338782,false
A4_conflict_variant_synthetic,18,20,165,-91.891080827463639,-91.891080827463639,false
A4_conflict_variant_synthetic,18,21,305,60.819347924190112,60.819347924190112,false
A4_conflict_variant_synthetic,18,22,169,0.50541808696009127,0.50541808696009127,false
A4_conflict_variant_synthetic,18,23,42,71.846584111439569,71.846584111439569,false
A4_conflict_variant_synthetic,18,24,32,-89.194032260414119,-89.194032260414119,false
A4_conflict_variant_synthetic,18,25,901,96.081476163040236,96.081476163040236,false
A4_conflict_variant_synthetic,18,26,60,-22.2946646412272,-22.2946646412272,false
A4_conflict_variant_synthetic,18,27,479,37.107409149497471,37.107409149497471,false
A4_conflict_variant_synthetic,18,28,424,28.586276491963218,28.586276491963218,false
A4_conflict_variant_synthetic,18,29,186,-48.127870669607908,-48.127870669607908,false
A4_conflict_variant_synthetic,18,30,834,-26.549066917830146,-26.549066917830146,false
A4_conflict_variant_synthetic,18,31,704,-97.894088760955512,-97.894088760955512,false
A4_conflict_variant_synthetic,18,32,137,-9.2999325392096921,-9.2999325392096921,false
A4_conflict_variant_synthetic,18,33,76,-50.724691324984647,-50.724691324984647,false
A4_conflict_variant_synthetic,18,34,695,-42.783755532458414,-42.783755532458414,false
A4_conflict_variant_synthetic,18,35,891,16.313527328197708,16.313527328197708,false
A4_conflict_variant_synthetic,18,36,827,-41.932923796828668,-41.932923796828668,false
A4_conflict_variant_synthetic,18,37,363,4.9900276582655039,4.9900276582655039,false
A4_conflict_variant_synthetic,18,38,889,76.848414720283699,76.848414720283699,false
A4_conflict_variant_synthetic,18,39,504,46.9392383260016,46.9392383260016,false
A4_conflict_variant_synthetic,18,40,563,-4.1590141731813617,-4.1590141731813617,false
A4_conflict_variant_synthetic,18,41,345,59.20395544857783,59.20395544857783,false
A4_conflict_variant_synthetic,18,42,191,-43.138661901296757,-43.138661901296757,false
A4_conflict_variant_synthetic,18,43,24,-9.1226541035559734,-9.1226541035559734,false
A4_conflict_variant_synthetic,18,44,353,-83.769490472705826,-83.769490472705826,false
A4_conflict_variant_synthetic,18,45,656,-39.972786473612864,-39.972786473612864,false
A4_conflict_variant_synthetic,18,46,607,73.073122392059162,73.073122392059162,false
A4_conflict_variant_synthetic,18,47,172,42.600471960951523,42.600471960951523,false
A4_conflict_variant_synthetic,18,48,364,71.267162930688983,71.267162930688983,false
A4_conflict_variant_synthetic,18,49,594,73.990568055119638,73.990568055119638,false
A4_conflict_variant_synthetic,18,50,336,-76.970930001448551,-79.27383700130369,true
A4_conflict_variant_synthetic,18,51,248,-72.681522604541101,-75.413370344086985,true
A4_conflict_variant_synthetic,18,52,852,-66.857041066500727,-70.171336959850649,true
A4_conflict_variant_synthetic,18,53,739,-17.24515075571243,-25.52063568014119,true
A4_conflict_variant_synthetic,18,54,521,-51.043784662152916,-55.939406195937622,true
A4_conflict_variant_synthetic,19,0,336,-76.970930001448551,-59.27383700130369,true
A4_conflict_variant_synthetic,19,1,248,-72.681522604541101,-55.413370344086985,true
A4_conflict_variant_synthetic,19,2,852,-66.857041066500727,-50.171336959850649,true
A4_conflict_variant_synthetic,19,3,739,-17.24515075571243,-5.5206356801411864,true
A4_conflict_variant_synthetic,19,4,521,-51.043784662152916,-35.939406195937622,true
A4_conflict_variant_synthetic,19,5,693,91.976561019387503,91.976561019387503,false
A4_conflict_variant_synthetic,19,6,96,-13.258794634164801,-13.258794634164801,false
A4_conflict_variant_synthetic,19,7,780,-44.374725772733271,-44.374725772733271,false
A4_conflict_variant_synthetic,19,8,757,-90.576649869724491,-90.576649869724491,false
A4_conflict_variant_synthetic,19,9,969,-5.0626935906613824,-5.0626935906613824,false
A4_conflict_variant_synthetic,19,10,228,72.579394332398294,72.579394332398294,false
A4_conflict_variant_synthetic,19,11,949,31.294253433454458,31.294253433454458,false
A4_conflict_variant_synthetic,19,12,646,2.2420672332384157,2.2420672332384157,false
A4_conflict_variant_synthetic,19,13,258,59.190224021561392,59.190224021561392,false
A4_conflict_variant_synthetic,19,14,81,44.485082388973893,44.485082388973893,false
A4_conflict_variant_synthetic,19,15,179,77.718701467110719,77.718701467110719,false
A4_conflict_variant_synthetic,19,16,732,34.691514761093828,34.691514761093828,false
A4_conflict_variant_synthetic,19,17,968,13.935555350801025,13.935555350801025,false
A4_conflict_variant_synthetic,19,18,341,-67.927228830589286,-67.927228830589286,false
A4_conflict_variant_synthetic,19,19,173,-26.111519891874707,-26.111519891874707,false
A4_conflict_variant_synthetic,19,20,904,56.603073170871454,56.603073170871454,false
A4_conflict_variant_synthetic,19,21,945,15.096192508282243,15.096192508282243,false
A4_conflict_variant_synthetic,19,22,388,-38.528117620956181,-38.528117620956181,false
A4_conflict_variant_synthetic,19,23,541,34.16670818681439,34.16670818681439,false
A4_conflict_variant_synthetic,19,24,359,-94.875825140867605,-94.875825140867605,false
A4_conflict_variant_synthetic,19,25,702,-32.761656714037215,-32.761656714037215,false
A4_conflict_variant_synthetic,19,26,190,-79.461877483338284,-79.461877483338284,false
A4_conflict_variant_synthetic,19,27,442,22.388088386775991,22.388088386775991,false
A4_conflict_variant_synthetic,19,28,303,7.4148221052329433,7.4148221052329433,false
A4_conflict_variant_synthetic,19,29,684,72.406634960548558,72.406634960548558,false
