case_id,run_seed,selected_action,phase1_fes,terminal_fes,final_error,elapsed_seconds,checkpoint_hash,action_result_hash,receipt_hash
A1,20260745,ctp,180000,3000000,77704.78202008399,1758.097688,a242da094ca697a9a6a966e02e1497d979df0a50be2b69b1e34914a1b1b16a10,609608be93d2b7db23cfa545899be8382b854a0794f716a8f9b1c8e4b9290832,99451153721feddd06ff163f4e3b51500f921cb3eb912df24be5ac381e69cd17
A2,20260745,aor,180000,3000000,78170.3844429789,1138.170626,0e2a3bb945ec4451b9c503dddcc6984132226e3c981d16f1161da75cbadd8dd0,dbce9c1b3ac63b93afdf413167ec7c5ea556b82c8600dad6e7facca10b775297,d8b50d00256e90f7b28b06c1abaab73f6981143fbd73fd17acf09fd7b2c03cbe
A3,20260745,gcb,180000,3000000,78164.19841240704,1300.167544,675a3362a4ef7f28128cb2c115ecbdbd3d91cbe0bc4ee1a437cf100c783afa48,f525cfbcd3053b143c03b0a183d072e666e3a213f8bd9c367654f7a96dfca683,7dbf733926a1fc70db7fff282041477f2e01c4fd69bf64ac3a6405b4aa9b248c
A4,20260745,aor,180000,3000000,78130.52883417942,1173.115983,66de3fe16bf55c1c70ed76d880972f8d50b73d524f7eb96f798f2208ce55def0,6ce92da5a159590bd663b53edcb3ae5358ec3f8435835c524cefb2993a109294,396bcab83030849bb1a4e25256cd19e01d72dc2b24c53a8e6654f06a82bddefc
A5,20260745,gcb,180000,3000000,78523.87763598473,1324.05087,5c75d77684a43ce2f490721044bac19bf4885561fc6e8aa74ba26afaa58ffca1,12d126b8bc53a6396c6b579b3719f1e0d4ccacc654cb114854adfe6387d30606,c69178cf28cf48f1803141616afa72d8e89947be9b4e7d19bbd5bc2712f04fe0
A6,20260745,aor,180000,3000000,78198.90452481058,1209.303419,f68857bcfaff3520c74751c76a21dae153fa8218851a990e79287f8b6beeede1,416383af7badff0ac28ffac5474c6e478153f28ef58f22d0f4081e08bd6b0098,243cf5040f9a4d4ebb3adfa47db5ba27ce49a2c6476db4c8924c3a13adfe4707
E1,20260745,smp,180000,3000000,587272.4673267715,1658.238242,2a38c43373268652f288fede37e9fe3d72775aebc29c9d1ea931d6b3de1a79ab,68c11d0836b97823e573905acadaaa63497a6afeee756e69f6a84fc1d35e566d,60addca80b41916b83c2276d9938eb9eaedb6c951db29af400d4da0e8b5acaa1
E2,20260745,ctp,180000,3000000,12448532.649227042,1082.534831,89989db1f6e56b4b120c8ea26bab23b12eaf7d31772a2efbbbc6def138628e25,1f367d1474e655fed26f9fa8f4c927c2d506e54199acbe73bce3ba7bd1c80700,165b479a8267cb08056ba2eb0efed2e62ace020d291b6bac268b20c1b09a2bd5
E3,20260745,ctp,180000,3000000,12824972.10326329,1106.015443,eacc22f45f5961b2a6c5a97fc8423785d95298cc4619d45b7856df3c2d70d9e6,af5d877891436a6f77f8672c352d431be1e17d4169a008fc1c32f72c0e752683,91792d9356ee2cfd0f5a6257bb293f9e859eaaa47c5222f55b6e0d2c23f09d25
E4,20260745,ctp,180000,3000000,15699074.661174132,1124.266267,02b6120376b538afd5c0b5c41e9640f343f2ee17605875afbeaa5a7599982e26,a62322f8b513df9370da54f5919e6571944014605f0ae1a54f484349a292aa7c,4905e7b06d966926abd59cbbadf4d8327b7a1b21999a62076c3d55cf6b97db66
E5,20260745,ctp,180000,3000000,13868140.404586468,1135.345691,fb16ced5e69a46e4adf0c6ccd6332431e1e0a20bc5a0556ffeffad6cd00d3c7b,2c5c3d79e511dd6bb0700f4cd965d950d374598ba41187cc5aa65ccc4d768513,0f567def21ca0a923a5c4b22d9b3c67009acdc56c8eb0d31a597985026d83ce7
E6,20260745,ctp,180000,3000000,8679404.560563141,1165.261958,b1ff62986ed10e45a432f77972c08397e2fd0e25dcd34165c50465433735f864,775d4737aeb35095b85cc8c39f8c94a4f7f1b432bb3fac0a627968d0c22742ed,6bb7bba71819a9c4a13f6e4f929bd7a8c2954a438e0586a7c66755e56a8a7a29
R1,20260745,aor,180000,3000000,226111.50952548432,1035.402499,55c113f14836c9ffb33f35e13ab9f719cc5f5e9c23dbeaea91e8fae169da2e56,7503b45022e7ee67532a43183c128eeb5cf9c1b9e3b4f45cd529850650384edb,00575f7b6d861974f709e1ff75eaf45a55cc4897d86967829efde4ab990dbb27
R2,20260745,gcb,180000,3000000,312314.8191058031,1199.985883,7032a2007472be79b3e21d7e57d62584be78903a6466ede79c6544e93e56d8d3,dedb9611032f1849e7cddbc7b5cd4ae8b62d386e754b715a6892a1d81da6bc6c,0dae7c9d3d16b0f2f9bad6f3742b71409fe0ee84629e2a7a7b20ba6a95bfc6ed
R3,20260745,gcb,180000,3000000,326511.0577693558,1220.488401,edb5c017863aa6fd8f712b2fada54d6cd31a9c88e2addd9887eb140b4edb6096,c5c7616bc690c50bebe94d417ccc5880f6a3ef050d0f19ec3bfcbff1a7198ca5,cb0b9a2698cb6e31b7d8ea5557f15c44d1380167601bfa1c5e7d22cda147973e
R4,20260745,gcb,180000,3000000,292925.3012776381,1229.470383,da865e86aa9154fc61219ddc6fb2505275372d207ab449ffd7d015d452056b89,bf3ffd3b353d9131efb40c721146c081dbb17534e12118c700163899d7d3e8e1,93c4d81a138544499afe162aa00eb5fb96ce99c579e769795dfe18e70a9c1cca
R5,20260745,aor,180000,3000000,419004.00738108426,1105.195238,35045fea66cae7e172f4c662d4569371dda59611bed09d7959fe43415e352c6d,e86bb34a3aefa1854356712a072492db097aee9c38649a152446e384e4779a5d,34e93e79e6488ad33410db6ded21fccb7917bea079adf1aefe83c06f19a541b9
R6,20260745,aor,180000,3000000,401276.95171133976,1136.690228,647792a146a31cca0867f22463ba98fa6f4c8dd0f13445d57b7fbba0b8883678,54922733f43d3c556bb0f74120e9b23e658f02849045bb06ef7379caadb063b6,13b5f2ea55cfcca7f11539d958e12c537c42ce83f4c5477276b1909d2a4be801
S1,20260745,smp,180000,3000000,623.4465496581445,1645.471919,9dd602582188e342ff32f5776b510d34228f9c2a02ec2f5407e0d39d69153a4f,ec8993a911a30d177c8fb935ff7e4c002d925bdeedcc22152575fe7fe6cea761,f87bac4395b7bd4520192a4056e8dee59a2852d7fb58b80801e55e2fb32eed8d
S2,20260745,smp,180000,3000000,7693.595474018516,1944.312637,fd259a1a8919878de155b64546ada5f854d9591e85ab485cf75202c50f419bbd,010c486f810b4f4e46942126ebd4df56fbc718da95e13e264cab8eece815b644,ddf2cb27f65aaa9284f1f630fd6958407638539501964b074976534f17ae6451
S3,20260745,smp,180000,3000000,8351.537663637673,1891.560234,e40b04f2bbc39f5e11968676c061674006e1ee8563382c437f5f82374e37034a,d65c89123f44654831789ab664ab01ee4b2b53340194fef5fb79fae7ccad81ea,e93c232a6b9f1943724353bf6dd5f4e620b1875146817a8675d90453ca41d607
S4,20260745,smp,180000,3000000,6523.299562899936,1968.348024,08c3d0c866b84a82d7a21c7a962142ce2dafe625098a2396b426c7580dd82a58,70b13bc42f5e1344c502104cfa9a509dab74732d5864bf79f6fb4ca8d65b404e,0ae1784f99c37410aa9620e0825b666b069bf2a82b7d836c8df3b5dd5b991376
S5,20260745,smp,180000,3000000,14758.772322459432,1995.249204,47d94d98eca7e64c8c493998f0e3b33c3c981ac136ad66ab477e67ffd509b8e6,384ffae1701302237f4c701e8582977a51f7e6008622c6af67aee37e20d76216,963a2d52e82102998d9ab587b1a4101ecc194f94fc05cee5ac1cf6cc1cc769ce
S6,20260745,gcb,180000,3000000,68622.2823538358,1226.384466,f46c464c4504a4b5bde05d6313e67ad05893137f1059b282fb6ced4fcb6834a2,8150e5d29685faee98e2d63e98c14dcfca11c33b2a5c2e0a73bb1f9174bdc953,890b3ab5de737ee55b6f7f94b5e4c6ed3039f429fa8d370df67c0d944715b827
A1,20260746,gcb,180000,3000000,78122.87495482406,1000.221308,656a2e39dd0c408a2adca3688ea59e73f2a688b59578f670736ebbc6c463f1b8,3a8675f93a0ff53d02ecf419733b163f6637d4a9fba8eb3dd0c6a54af59c199c,ba6d24998cb7e8051bf82e8206c9fc2e26f0ce1f2707079c3ea76167d14417dc
A2,20260746,aor,180000,3000000,78092.20182906008,1015.392659,f7f73b2ea6f0e5bdb72e83a24c2bc8e38ea8c1169c03f9e9d348df67e5c29a18,0c97aad55a28507a1bdaac35add4475f02a6e94501e588f147c20ec96005f9ae,8f89974d4a9de63155b4079312a6503b39b29091faeb8cc734365f77604afa14
A3,20260746,gcb,180000,3000000,77966.67372637878,1207.327758,d9a7a1430faed24277d0a51523d6ae48b45122d0b76b7959426759fd91601bee,0cfccd8e7431c654ce0aab5f1f6cf599d4f59b901786ed34bcdef13a88d6a356,463c55251e91c5abeeb3fec15ce31d49de8d5a291f4206940301d81b5f518760
A4,20260746,aor,180000,3000000,78129.11376348097,1060.399552,5f1c98d1f5f9b0c3727da334277cae5f798ae6608219437be840324be94450f8,6a7865f4d431a2f7cbd2eb9871c595ab771c968be49b84a04c296fb67b650238,5d7435b021a766642a54ff1dca1b4d0fbff729eb339b123b499c11daed3c7152
A5,20260746,aor,180000,3000000,78384.06415919584,1085.899039,13c96391cd95056ce0ce952288507bb5c37f5a0d8a356dae9bf76d7432ad2e04,0fe0851d0772a57d5303b279919f2455a1da71126e22a4d4cd90d8a4fb2b8d8d,968e558ea35ab7f77446de04088e7fdc490ba4a0ca8250ad6f82b108a5d79ef6
A6,20260746,aor,180000,3000000,78188.1837389642,1105.226797,aee4fe6a1426d7682a5192265dbaa9acc5630667f6cb6cb00fcfb85c4223ba74,45bc58b1bf4d58f4a4febcd696df7c02b5e9d4e0cb2e554ce50c9db198929640,fdf9dc678354c1a44a8b262e810fe6d110f88771b6989601352027bebb283209
E1,20260746,smp,180000,3000000,421293.0119918233,1697.034648,451a8950e6e7f87e0ac85a853efeb4dbac8ec87e2999a2a32655532e9dce10c3,9a4534f44e04bdfb8bc37a6c90aa4d333dc7bf8fe94ea8fcf14f21c6e2cd9a22,05c329c6a728d0108b30123739556ad444e0422a28348e6eb779b50e7096fc74
E2,20260746,ctp,180000,3000000,10762905.310806328,964.09851,7811c61e63c4d18c88896b4772d4d2eabd949b46a32d3248f2ef92ecbd617d57,9c3638a28c27e252668b0b48c6b8cde37374b44ebfd3a7ae4a254e5c310a35e9,bbfc8911f9b4860c950a981882a57e0a6ffe7cf57d4f3e124f176855d43b0124
E3,20260746,ctp,180000,3000000,13412381.036415275,977.807683,886d97c69555520941ecdfb6bba60906065bb65532c94a1f72f9dbc0101ee0db,43d5f11d595006dec78bffce6bf8f255dd38c73803974e96c97269dd8e121068,c2da8e2b49a7ef5e9396b6450f6842042eae4ff514c46f7b9b6b939e9178839d
E4,20260746,ctp,180000,3000000,11539712.366936496,1000.135577,bdec648bf1704f9332e2563bf2ac69fb440a94d0cfdd29d19a2635565681cd5f,d3a1d06562baaf773ad2cbf49ba9f650fd7b17ed8132fc69cfa7c34aa1fa9610,cf038bf637ce00afa8979c79aaf3d8e5353997e6e742266491bcf1aacc1072da
E5,20260746,ctp,180000,3000000,15124929.278430456,1015.5424,299acda251b283139010a3f0bcd42da73ddd7d54e694fad5f2be3ac659e14599,d5ba3ea77ae528c947b00ac4b02ecd197aa29d419ff25f59151e1c42333663e2,29b0d790249b71ec9c56f6b1a9a674fc0e1285fd36f6d75b0021bb09b5ee8916
E6,20260746,ctp,180000,3000000,15161294.979960516,1043.193269,19a261ed3af21e20a3196b9fb62ea95bea7d1ca02e75ce741c5d6e46e5d521be,1e3ea922ddb94a68921976ac45d496d795fc4b086d64b8c7edfc600d9790ebe8,b592aacb5186477ea0a69e188b111a83e167fd13d34e4082c8ec687e373edc4f
R1,20260746,gcb,180000,3000000,213532.23310091594,922.575115,527590faa618c80c1ae9be8d1e50d6899f163393d00878dd1c61484ebe4a10a6,6ce32bf57e09e43c3d2895bd8f780773e8db854b7293e2b2349ab8ceee2dd517,b52315906baba0b798b84a25f75e4632878431297899946ca18420bdb6c2915c
R2,20260746,gcb,180000,3000000,303934.0399639382,1071.43277,9f03d8702baf58bd8e46442265398b797cb769cd41339da4892cf6682c4ba444,95b03a6a460a0598a3e7d580e4ec42d04c4cfedc52131d4f320d3fef95028ebb,96d02ebcfa259d665f8a1327ac241f376db9b4692b69435afdb6423df43c82f6
R3,20260746,gcb,180000,3000000,315463.4736738055,1105.662294,c064edc55df6e3b83ccdba7c8f9d602466f96c0aa5eb947c816c6c5028be98b9,fddf6a6ca86fb41f2041c9df74389ff38d8a22c86b35351717fb164e467573dc,3858eeb40e892fdb547c408ac791f05fe1a8396ebbef305b3ae1ccaeedeb15cf
R4,20260746,aor,180000,3000000,314521.14441066823,974.13996,6dd23b52963fcd84f450db1eb7c989c37fb2d86d95f9805a34341d4eb847ec86,52695d59f1528ebe0a471a09bd400e68f2214fc3eac3de296221eeedf52f59ce,1f270d813c48d4376cdd88d725c0cb12b1bee814aecc1fccaf6267634b7a1005
R5,20260746,aor,180000,3000000,384678.5346677987,991.519488,28cf5c68c3b132342f875b85ce478e680d68c6f0daad63d81807f0b12821796e,42a102017f8df6d26bb980f9617144c0c21d82edfb75382ff847f9ce98e9b733,a2e277bf14ee02f14770b696115139bcb536ff5ea4651fd8d7d14f49a8735158
R6,20260746,gcb,180000,3000000,381938.29139890533,1180.351303,636ec02b3645199c767413d9cd31683880daaa01acaf3efc4ee4de6253d10ce0,277ce22ed46ca5a1e6de594f392befde9dcc044495500f7b26c0311e23f343bd,ed9b544298885d23075e3ec378e91f2e6f079452ec13f43b5337d772ef560c3c
S1,20260746,smp,180000,3000000,968.9017095911555,1659.352104,03e216e4f065703830adbd1362c95c39f66f6dfdea326095bac2a79099ced651,c63ba0e74fe2860a3472842c5a8682a63764e2b3c2cd4b08414c93af16f85dbc,b2e93111063b348d0c7d24a51d23e466b8a53882c822a49d9964e3878ce2db7b
S2,20260746,smp,180000,3000000,6169.415915189216,2300.073461,89f54d03f8e7243f21926e039b639fd9393123711a6fcc1c198c4f40ec554c9e,aaadc2ddc3330960f4bc00d1aa3a7a6db508e88d7952f6eef06c68a56943106c,b9ba6f20f4d7bd7b57f4791b75592cd2e090140b22a17e68ddbf4dc87084b674
S3,20260746,smp,180000,3000000,20862.79685739457,2103.608266,6bfbe798dac0f3b045aa8523289844e11e28c8e27eb74b8aa28fefdc405d6a28,f5ee6a2196ef07c4338f6dd8993c6cc269e2605ef72a220474aa58e8a1194c61,04de72ce00dc8bb625099d3cf0046b5c4379894cccdd8826fa9c76c40e2d80a3
S4,20260746,smp,180000,3000000,12996.796320124022,2359.672743,38abd80973a44a668b57e7cda999182fc191658e0e37b98f898af4b4569236f0,369f2d4cc2a905674b54dac3d36786349349508a99dd483eb05d56f686c0dafd,7099f9e8f62235c0d30508c5ce7f54e2f103ccf2de709a838daafd32001601d1
S5,20260746,smp,180000,3000000,12444.642819352308,2417.265312,c0351b1e57baf9ca90846ee87b6ed43c0a762d55f80a098be73a30c35f832411,b38b9e1d5374997e0c4010c2d9d9aa3de0c43046c4cde63c665400515dfffcd8,7af1ad10acb4b310a523dcd2aceb81a696d69d4c2b5bb0cf4b5d5835f442b339
S6,20260746,smp,180000,3000000,11646.039536274013,2388.359822,e11209cd02e15a9ba25c2986ccf4b146e0c45ab414bdc03846a8734e6c5272fb,cf3e5dda8adeea0a59864e8c1ba05dcd2be808cb6722b762c08f821cfd1ff7a3,0da760ac05cff4ae0c09ec588a8f944e73fe9531bf85bdf47ca5d73ef29dd01d
A1,20260747,aor,180000,3000000,78127.02914057832,1008.896177,28bc404d38c08df6b8c6a23d244d474691b9f457e8964600f02e607f593399ec,644fcfd9500ceb4e353ac1dc5ae3ac47042451415477789a52241a88f0a200ba,ae5ad8eaf44fd48278a38f03c6e32666ebbfe265e19f45ec010784658954c354
A2,20260747,gcb,180000,3000000,78103.95880242408,1180.026603,a18946f97051f597e37999a51356c1ba4f157ee6710b255c6a0f943764a08477,16aed54b4727c6b9bc16d52b668269887bd97e7d9ef676c704cea8ce3ab40a34,7cfc0f64da8f335d3f1e4c362475a64dcf6299b917f6e9e1433d7fd6aafcb020
A3,20260747,aor,180000,3000000,78043.4395536534,1043.76194,a93ba9e57b0e2d25d04f9a7fa1051d16eb9fb6e683b0dd4aac5296d64663bf85,95ade1728353bcaa8c08df050dc0d36df6a185ace9867eafb1778dc5d7b21177,cb60d686f6d74364f6660483c3b34e502ce511a75338c9cb100b28a2fac4a452
A4,20260747,aor,180000,3000000,78311.96372087553,1069.128267,87baa856ee77c9eb5e11d8a2016fd4305e36394cf5a35b59a4247f76ed3ce6da,872a22545ceab21ab75016b21eb2fe4669930ad80d0657b44cf243903b180fdd,67f62a1bb7ceb745f4b132186aff7462724fdb5d81caad71d4294a031d6af212
A5,20260747,aor,180000,3000000,78458.81832032271,1084.052629,07e3d9504be411d22ca4290f33c79a44a2628e0f5f33cbe0f507bf74a666869e,33891b7c6fbd5d1e3e6e91d7516888943708c165fc95bb5dba9651526d9b6f70,a7555f9d82859a77ce7eb034f97a77b0717f1199e3559506b3908fe61c73c937
A6,20260747,gcb,180000,3000000,78221.45317978886,1269.592426,cf8cddef95b8afc570047708ba7e9fa31a57d158277d31290d52d66e6a0f8d3a,67d20635ed3bbeeb8b43ceef90d3d4af9b422c61532c00757462ce6d9c88a8c0,a0b5914cafdb35f8e5d06ad4540b4c81890619401612ad1c48096db463f45ef9
E1,20260747,smp,180000,3000000,405432.4365395607,1737.804778,d24f20e4bbd2d18ff90e35cc215070dcb6fdf87f9dd534fc11db408e4e540ea8,40b4e58f9ec92ad6b296f4f0bbc477a77935df6e4c606ce554da6fe19bb1ba3f,2a38c85c33f7c6103ecf7922631d569972d88c1a91f67c0a55aae6e05246b0e2
E2,20260747,ctp,180000,3000000,12709175.558997486,959.905913,324052ee648699feb43b29a37f80acf997c11e605745cc38c8ad4cca61bb5ace,21acee462facbce95d467b61f1b613a3492116cfc1769810f4c7e997ce12c78e,45ec47233a2165b869c82a0254f65fee4beef57d7d0795d6eb4e6390cc661f6e
E3,20260747,ctp,180000,3000000,14905320.502050022,980.77814,be4cac79b0e716cb43a67c98ecf7bc74ff4a2fc04b4d59205240d829bb10d531,db373f547d5d972d5aeaaa43ef9512aafb5337c7f83222e92a95bd6386061d4c,171e4e80ea17b032411a988b19636b7ad28c23da098da20fcca66601f7fd91e2
E4,20260747,ctp,180000,3000000,11561788.674197452,995.112658,af02ac0a507f46c4d006ee703aa7bab22e3ec235b55e9d6ce44f1262c2b996d7,fea820cff280b0dbe3711e80a9332c37f10c51093d614c1ea74c9a15fb8c05ef,07666058507a7481d3a145d7cdf59380116271f8ade13e60949cba6ee2627697
E5,20260747,ctp,180000,3000000,14839474.622085523,1011.333704,a3088bd0f5021ef40b6a19608548c370539255e92aefdbb0fea5a7e14a63c180,2993cca8ecb9cc5e50b8c9af93e2457885cfd476770762698e2ba1a36f8425be,248504708845eb757275a7340b72d2737cd5068001c423b1aaa14f7cc66436a1
E6,20260747,ctp,180000,3000000,11617693.197341435,1040.397939,b0954a28099d87e4d040db661b37484f3b4d24fedb37d1fba46c7c6d6792b389,47a14d2c55fbe49728806c7e26a5e3fbb00529977ca1874b0485ceeebeaaed56,10096c51c288a9cba2ccc1e1bc9d53900b9ef6195172210e9ef0d272bd43c800
R1,20260747,smp,180000,3000000,358547.732932236,1684.747246,90d34553b9fdbb69029c234e9675991a4f9f65a267bd8af35fa9e5c23202f314,6fe00e952c73787295b2620b3f4756cbd06dc120e16f0ace125783d8a2c1a22b,1d468cdb73317de8c9e55b141cc70296401f917a8a5fdbef83afea4deab726f9
R2,20260747,smp,180000,3000000,938640.5134273989,2435.368638,2a39dbfc614674941ed9514f2dac83cede8fbb93f29aa94bc76ea789a7557aab,ecaa392145dca2e0bdb4645e9852f351967f277e2780a7277837ff6dc0951aa2,51fe0880ed62fdede5f208853a5d8117a92ef686583ed2f6cd98f48c77772518
R3,20260747,smp,180000,3000000,1437148.8908244562,2398.874816,aef94d5c3a66ad55ec3a13363dfb95f1bfc6980f822089a8c4ae9a6f3a973fce,0f61a76922e59cf748f3ad8a8f8558ffa6d3bb60f307f6b086749df34530f744,ea211028c5b9c6d173e1c82afed673a13fc2743a1f3259ac398f297a95709734
R4,20260747,gcb,180000,3000000,333916.34161622444,1114.331732,a2dfc637650aae40fcfe47323c9cbbb6775432795d63dae01b85dce368ef92be,f1edb4fe4eaae29bb28bc72c08c63a047dce4c5aef21623c9414c28bf9301bc4,e12226e0e45e43fea3c36b00e44dee6c868d27b7a400a26d7ad7baa9aa5523eb
R5,20260747,aor,180000,3000000,393807.676059223,982.911341,544388ea34611e9ddf40a47f526509c2252f59f0ecd2bada25ae62534eaf4e59,ea48937c006bf2e68a589a3d9cc79d7238b74f39bc9f0b901e27e296b136d30a,debf4db260ca866484a817279c4861b79392d24616e76bdbe314cc206cc7a3ac
R6,20260747,gcb,180000,3000000,473780.61416574015,1187.533068,4124f6151cf4834d2b9aabe7f842edc471f12c9e9572ae845805581f1b1379d3,5b86a4713f4bd7764b0b002de266047862983604351c2b21297d00fdaf2c25b8,270ae47d1bdcb140e36aeae047b969457cbb22a9eb6ea15a5702c217edc552b8
S1,20260747,smp,180000,3000000,1100.9963725801006,1716.950685,e7cad8a2a565684d288af3a5ad9ba6541425020ad40aa4c2f071c7c50b54176e,cff435237412cf17153c151ee141339c0c554583204a27b947197a130681fc7d,77d99377a423134c52070a14a1c1dd45fb2220ebde9fbde99d2d924e10b8666e
S2,20260747,smp,180000,3000000,10556.253575201228,2482.122195,b321960cd17aa765facc94fea6fd48b08c50dce658f62cc7414920729e5966a3,615c047be3e540473b342806724f3e01ee8db42c7c58cf74315e2f4241889565,f227ca47c9ca61f9cfe0292cd46c6407e705d7eed14fca66f8457624e0fcd101
S3,20260747,smp,180000,3000000,21947.53347950629,2274.178906,04a5325964bfe5dd25175ad55037936d462078ead61c6b3a5249033fd9dec07b,56909ebafa6ad8def0784f718ba8d0156eee454ccd8b3391481afa3c4e6d7b8a,b664e887b3c6fcdfdcb98e9e8ee32eb47e741cfdd341743d479c1f94c6d80510
S4,20260747,smp,180000,3000000,11833.177337131496,2543.108046,0835a3fc0f35cba4ff39b4e2cf5a956555cd09776ef7b46b232c87acbd285448,8391a1bf8a3c02ea091b9f861275b4552b46c7fef53c688552f23ee85d620184,c3c41436c9619c592af453e00ae52139b8f6b3c5438b5691c3bdd1706f65d479
S5,20260747,smp,180000,3000000,9113.480061004268,2617.047658,64eb7223c7c60819f57b7d7ca2b9a13bf15df2286bb0b752b55914f88a7ed1e4,4c3d4fc10df3e0f023a5199b8ad4786ced9a9d54d209311d9dbb42c3d677e101,cd4c205481144e8541e81bdc9e85845bd6d0af1148f7490e7c8344975b458e92
S6,20260747,smp,180000,3000000,12807.525511068547,2548.293968,1f014e279c4b1b9f898d43b6908d4500ce6da2887fc433a2016d1afbd3999b4a,580894e88865bb252e844d6ba62c16e74cfe1e8a6155e95d89b6e6886f65eeae,f733e548c0597152a3ba89a2d4d20449bc05c124dbcd6c38a44014c89749797b
A1,20260748,aor,180000,3000000,78027.06041861618,1050.121991,30cfc76f20f8580d00cdfcca90093775ae10054b299e689833a8e26c2e09da04,83b894e74946db89da0086b34fc6c2ae04099f376abf65f0cbfb29855b693647,ebeaceda6d0b808d6fd1acf89bba08974eb0272a0016342c3e160e2d1cce1a8f
A2,20260748,aor,180000,3000000,78157.58540345127,1066.973503,3b9aa92f04f734edc4db8ad1529d1edbadcdc2362dfc70a0ae2639913533b4d8,8512872cdb9cc8cd131e23f89b40abaf0a605b8430c235d3d19b7e69013d1e10,da184bd1a9fbabd22da8505981c6eecf07e020f0d53dd17126d272ccc8985f79
A3,20260748,aor,180000,3000000,78169.28358263159,1091.232636,680b1a6949334906d06dd7fbf2c878e3beba65eda34ae4a02b17850df5fad4ed,861616a9ee0d53dbc08cf7a29b66e2c9804e3ca6a6f545a4619b864c82574c84,5a42b5a9dd2178338127406e7b3a92dc282057b2691a8d3c5f40e520091dd540
A4,20260748,aor,180000,3000000,78040.66712399971,1112.650112,8c611a4127c6213abcedfb598b52e6560e187d3cf2cf13eea9f19037cacb5e97,319a4f7182f3c26f2388c5dbdb81461f45b34e5c17e3d0b4ff7292175c8c1d62,1906b8184567a9a23bb2932c1bc68874fc848f70942034ee8f1066260bca3431
A5,20260748,aor,180000,3000000,78538.81998209604,1133.180551,25dfc20ec464d7d8c134d04fd1be4f252953593d6c6d4f7cd9145970f9dba9a2,24d7931dcf4e55c0d7a587f14276242a99eabed8713b9ae8511bd6be998d5053,e9dca41cf798f876552be9fb735d95eb29ca30bcce5e71c1bed3f5c5709c405f
A6,20260748,ctp,180000,3000000,78399.5532677689,1198.74502,0abe30bb7fd070a003ef9e961e6baaf6a479ad3599d8e6db1f4759df6761362c,8689af16e20b15712931a10033124bca406107a2e74ec92bb68db8349b58386e,b103427cd7ab3e06403d03b0c2e5ab94c12b3d9c2f0e76e3b165fa95d35ce4b0
E1,20260748,ctp,180000,3000000,213241266.69091615,1760.605928,130723e437d1ddda139909b8a4e1d658c8b2fb7fc0f3d2493e5d02a3e2297a3f,d6ea318d1986725e8628d43bbd49adaeb6964062c65720cd6d7438ded79b8ae9,549b92a77b340d8c187c4d14a4ea90c6565ee67ab115a8e4e69d206b0a27e37c
E2,20260748,ctp,180000,3000000,12687188.156783048,1021.50554,25f77194cfd88f5e126f2f9dfda3de8bbe3ed38a429f37455793e384fd9ce5be,f49e661a062d25a76cc53c7d396c83007e33c83a5053e10ce3779a93e6d7c6e8,57fd575f0363c8112eef41821f2b4e8c557d750109d73ac3eade94fc5d4f1f3a
E3,20260748,ctp,180000,3000000,10782462.185303513,1039.951781,0138fece84c92cc97f4b0fa4bbec852b1e54b7fcee3c20afa2226f71da460039,d7d0ffc03b988d2790575066470757d7a43c0cdae49e0d1fa1e942ed3c4dea5b,c5952c440fa5c7ab26411934a584c1cc0284cd4831d245db94315155ca6abb9b
E4,20260748,ctp,180000,3000000,10316581.165219158,1067.525142,c19e824e14570fc7b0229df82ba824d8fbeb9baa326ae76c3320ad3dda329b9a,881c5da31e1767c3fd53376aef585442cd14ee3188f41b39eb25396c6d5c4204,ac9364a7da84fd728a03681b878871d1dd908577c3c65fcafdf3dd3d875c5baa
E5,20260748,ctp,180000,3000000,15238312.627404416,1085.27984,829544a0db3b7f91bff9649a184ad82080d2d1933b8533f8a48bf3a462007971,5d881719de235c3479eb91c5a9727b9faaba3291e9831c0862e7c253bc21a7ce,890fb0bc8f600d26b59ef327a2e00d5111097b6cecf30a82546c622b5267827d
E6,20260748,ctp,180000,3000000,13660295.380656151,1122.20277,f8f474c11e758969db1f144d38f8a3926394633a34a81ec8416c28ba288eeaa3,5f46d644d0dc34d7d708ff875c5cfac4dd6a1c10d2868a9ac819f6a700bf7c69,23b6ce61b336b3089e5ad0a0fb5dd71d14711e0f7d59a3b1f6d1f37bc1859b79
R1,20260748,ctp,180000,3000000,314286.30404907634,1809.197741,8f6a996296103fb0acf402b7e7d5c8d6a1406c608f81f45269e44ffbb7878089,d565d0b43627bac3bff2ba85b2a7d529caf30bb78970592924629e461c7bd47a,e21a2c161b8562ec84d4bf4fce5aa7163ded824aa1d792eb7c4ef43b50de7a35
R2,20260748,aor,180000,3000000,1577826.9776515416,1091.929429,36203c42e4aaaffdb8fe341c42fa51f9c0c5d9cbd4b075d562e217f257e4d010,eb2df820465ca67b0737bf40bc8de6e74740d91355e86431330065e8d0183745,7bc8f3713db5be633f9c1d216d7a72d2cefc226999087dc371bac50558280ea1
R3,20260748,aor,180000,3000000,283070.5947054217,1065.67093,5a5655cb34594a69afc38f713d218445843f9368441f8ca78ddae73da8d44012,e7b3911aebd286d9f135ee2d36d6546898b57287a7ee27ada50cbb7d01d6c008,e17143c6bdd073fe81c5637419b155f510099574d6500687e07fc27ef3a19903
R4,20260748,gcb,180000,3000000,327435.5382124865,1230.186159,9dbff7198cf56cdf601ea6db784f112250db065a263c135f42d0bbbe4234fec5,0770ece279132063b8390459594d53b472ad10d85b62357429056e17887628cd,4d933c7b080f5c2b0ea5bfb93bfe67a2a36b00edf56705dccddffff92002cf23
R5,20260748,aor,180000,3000000,367046.2186489066,1086.416391,6aebb556a964ccfcad19784c85f3a30f09ddc6352f8ad67e7a01794405f7903c,e41c665e4c6c7627e8acf6a32e31567c0887e70199c5ba0323ad5ae40a3e810e,339539d35321f71e2c557f3b6e98645e0ffd096fba7cef7b5c7e62df0235914a
R6,20260748,aor,180000,3000000,381368.9311421049,1118.080647,ce16897553558979d31e37f868e7dac3e490fa7b1b89ebb486f3c5556f2e5100,636012fb356add8e679b2e87790bf27ee8b0b5a15240afab36b2ed4750fe62a6,bb75e297721f72c6c50c883118386c614d734564f9367a29158dd264b10cccad
S1,20260748,smp,180000,3000000,793.4138753868431,1838.078283,052489b680e14de21446e8c49a595d92557cb8eb9104b75ef6c51817e77c9efe,1df182d0d4e55df233ed69a604a6eac5228e5eb714d440b4d89561f937515df3,15f04a59a3f1aefd68e7cba34c74ebb2435712df22284894a31d55d4e71d3e3b
S2,20260748,smp,180000,3000000,10111.168283663248,2389.688928,9ecaa12d823e74b2db44f66f68fbaec883ee065b4b302f66a4de641ca3e0754f,906e38f2769fdf31b8951e424a8ca2be1899a59b58e9ba19c641bd335e134ee6,02ecadafa76ce97bae9c0104e21af9071e5c81588bf831acbfffbcd1dff79259
S3,20260748,smp,180000,3000000,8515.472621575756,2242.709103,8c264935e81ea95af52b75c689d2a9a9f56a4885fb867ef42783c2306fd1e79a,021b5b8f49481d42e833cdae21e081db0c6e6ead34a8cbc76f07f9b0bcb1731e,d99dc2aab4751f34855136294180cad351d99b064b55272f521b39d2c25ea719
S4,20260748,smp,180000,3000000,8476.318529039947,2365.805016,ccaed7a75e786f28fc5e30b2dddad983e2b55bac7280a730fa0fafc9bc1fd5f0,ea6fcda7529f916449113d443190bd741f5b49edb1ebea4db1d0fbd9ce363b90,d5013326ba62020b877ee21a61075095cfa25d111ea8b68ee8c77512d1c1d225
S5,20260748,smp,180000,3000000,11700.872396583025,2436.892623,a931265f4e7a7b91cde10aaed2980ebb89a596370ca40e3e9df0553b469908d5,6ebd85a9bc4b7bfc41a34b5a3028916457d8d0ea402513b4e17f4918aa13b50a,214d3b5dbd0f7445063b427f28da030b573d477b94a9217664f7709d3fb2c974
S6,20260748,smp,180000,3000000,10408.354695115679,2406.991508,85d5031bbc2f201a14f53b8ce08ac614acafd84e288f132eb84f31af756ea3bb,b1f96830879a872f7c77508f8ec403cc27af887b7465cdb305359956556f39b0,e89c8a10da7a713b3bb6b2da885efd6bddd0f7c6ac05005bd0059b9aab50f8de
A1,20260749,gcb,180000,3000000,77857.55158554185,1115.431743,ae01333b5362e3c1f5a3abee5a97ff049bcfec80d82d2fcbb3c3853672f04c2f,ef99bd1a5d002614425922222b1a375e4dc392d69f0feb3b67a0842a6ea49ccc,7020afedceb604b5742a1519b7fe09c351f673a63a2cf3e02a44793122065b76
A2,20260749,gcb,180000,3000000,78038.71579085906,1312.806235,4988896dd5b2486cc49cb613563a4b97e60944922fe3522862504f42cd5342b6,2d87ef578d1257469b7e694d09e88511b2bb68600428254469a9f4ce0c2e1331,2e23332fe70a41bb6a70d7bda9e7fefadabd3983b9d612f618a9d47289fbc311
A3,20260749,gcb,180000,3000000,78516.02360982072,1339.609048,4180fe4df2dae9c7535acf7347b74c8c28b229bf867723b4eef7d60a3f882a39,7b016338a34881ad0f8c32a78255567371f4308873dce923ec1b3effba67fe86,d674c91bb4f5006f684078fc2782f9f6d39784d20b3374cdf6555703831af027
A4,20260749,gcb,180000,3000000,78228.98372224327,1359.661247,1a702bf7cba099dc85a29488dd4229da1b203cad53c80a4cc265ab2cfa8d90a7,7d1047123fc3ca9c9f0e13dedb2bfef53573a3ab8745606f57ea7e1443b8e4da,6f1277f7e9ebaab977795c2a8a4a68b7ca0809e3319790fd2715dee995f19e69
A5,20260749,ctp,180000,3000000,78752.49708529198,1242.652123,8687a1b1ec10853d0214c7527d16402649e1834131d934e934ea3458ef6fd55a,4e0958fa3d75fe3789914f40becb3118b4318690cd2521db4abc791e166090fb,5396d66988b1210cbeca9fe71234917bd6e779ecb5454363759d84afc3949f4c
A6,20260749,ctp,180000,3000000,78235.49868000488,1272.338323,c6885f45c7ee008c4a9b7144b7c9696775e18fea9ec8d2560b6a44dcc8314c15,0ba493b4457af9f9cb1ac60d79ed66e56f9708d3d60e661a13ed50cc7183c3b4,a59bc772ddc3b9d27e4473508096a52c09a2a38b48260b1d217850e89e3bd61b
E1,20260749,gcb,180000,3000000,376765497.53659916,1002.743645,c14c1e3ee56da6cf2218c7b8d62079f88c5dd41f970e46fd5fca3eeef30f4cea,c8bbe194523cdecfd075e39053ae3eecf90af86b2a15ed5b621a9fa7ed666944,64dd4f8a764656da26bf11a3046f11b6119a350887468006c6ff9923382cf0ed
E2,20260749,ctp,180000,3000000,12252357.021647021,1086.011594,a65775b445be8798b7304612102756c93223c9179c1e936c2796360aaccb6b12,66fcc4a445eb8a3d00e5825caacd24e28ce118b793f4cdff7a749a8e7dcb4c53,b5d58b50b8544f15fdbe0bdc42da6df059abbbf6b16e7299b62f8a186092b58c
E3,20260749,ctp,180000,3000000,13176901.038590837,1101.129849,2c458611432f8ba0e12cc9fc90b21de7bae3875416f91dd8aaf72f192b0154b3,fd0a58fa68c4cbdfaf109a3ac9fee48dc1749975fc9a9cd1c7ec0ff4454bff92,dd038292e9fe7efe668d144b5bc2856a453552bef0d543cedd38a128a1e94914
E4,20260749,ctp,180000,3000000,11951091.848388107,1101.68942,69ba8be962eb626db78132a7fbbdce4c78273e5b5022b406211881a2fbf430e6,5d4b0306758e5d5e01d8354f369a6643734c02cf6b3313be63179d85a0e43e14,10df93d9f9371d7820765358527199c73251cff8a32829dd24982ace486eac60
E5,20260749,ctp,180000,3000000,14800135.671318805,1100.675377,34e24782365e795e74b53445885ee88320ce0c1ae780ddb17f34ebb72eb19ec6,baeaeb9848bd62f8250f0857624966e4da9af76c90167850a2c1bfae0616e68f,c7dfbdf97439de3d1d7657d4302cedc090b9b9fe41909ffdec1b5db0ddd5f974
E6,20260749,ctp,180000,3000000,12153486.840749698,1115.360369,dba28911fcf5f2337edb58cd63480e2966d32f74332aeafdfaf20edf759897c0,a95f472cf033d55ef7593e8c1cdf40a91bc27990126fa24ac02ce9c7872eaf01,f8da14556b47f0766f081efc1fa1d984701612ac486bb36e0f1c34bafa6c1b20
R1,20260749,gcb,180000,3000000,289891.4606544495,999.239094,f73583b58cfb890f110a821d61b8c2f54ffadef3bb482d8e4bad76e6ba803373,2c493018fd419b121cb846afd87f3713296e5ef3914200775fa2e759813a77a3,3f67947258a39b24372c9bec419b55708a6301c74f9367886a8bc338d3410d8a
R2,20260749,gcb,180000,3000000,317951.39137516986,1141.042852,0805a2abef9e3aa07487a98708bf65d76a263e244fec7d639e62740626bfb384,4f966e8eb665f9c9217741452ba0b2f611c6b1055948e71316b7c6bbe61ea4a7,687b11e13f205f8aeff1c4d0a42027accb6b02d17f6929d650c9f8879c8a0497
R3,20260749,gcb,180000,3000000,368079.68283798214,1107.980607,c13c53dd46e0e7a25d9a8fc7e44a4bcf4ad8d0c18d6340fca3f3ee3fe3304c99,839fab29290bac71bf0727231dd6259e8a7f17f252f158f2dfc3348a6ab58b64,d2821fc08bfa3f3bf8f00a94efc4a872ded62f9aeec6b8ad8968457e076f5fdf
R4,20260749,gcb,180000,3000000,309249.6303874436,1099.892327,579ce16297c0bd56b87faed6d7551e3213b16ab51fa22c97de2673c8450e54f7,e17aca8d55abeef08c441b32e6138fa840e39a54d05c3a4af3e9507d16861c7e,7042854613dc468377d02f91433ea9ae80ab6863971ae6b19103852e89e8149e
R5,20260749,aor,180000,3000000,371737.47598184535,985.16988,d88f6b8c6ab2cd25ad8d01aac6837bf661bc4d7bfd4c3457fb1209461db2757f,bd4d6d74a856cc0cb6b93dd7cfed348c3573aa93a2b68f38eccc8b4675e602b1,86ae28ff88a03b76a296d1734ec17196e72c808dab9e5a903ca77a052a1d561b
R6,20260749,aor,180000,3000000,373820.4221405486,984.983939,5746908860040c64dd4a75b418f269e51f5ab43bcd27b7f0b3419a2dbe27cd9e,5ebabd6bdf33a265a44c5478004ebab88a2cabfae8463bf5c173c74e244b3642,67994da03790f4c61ca65cb4d1d8b72495bc9f7ea5518c4f24941d17d817f983
S1,20260749,ctp,180000,3000000,9112.505071001131,1334.150544,149db675736ef14e481f8ded15f2c904e0dced4e89cb5399d952b3d5fb47ccb1,12ad2e7582bdb3d80c2e11696f55ff79da8680f6b756f2b4e2a91123fb4b6105,1a15e69b548f8f49c4ee6aca1010b4cfc746cc1bd04a22fddb4389ca9ee8e336
S2,20260749,smp,180000,3000000,11880.841083377145,1616.536202,c0fb508eee9f54684da00c58bc02fd8956d5efbbf3f484a8931d8281e2b5dee0,2c9cc45ba379889fbac02172e1779dda09a6b590a7d544214899f83b0e1cdca5,c9c859e8261fcbe4c23d001e6e8f66770cc01883124b87669942ebe3dc1a6a0f
S3,20260749,smp,180000,3000000,7617.101782323101,1518.661647,713a0eb43685d17158078f4996102a8203323509828d6b953f7075af26611620,c0739d3445878e47adf466172f7545ade6cc406d724c4295eaccf1520ca78d9b,8440bdb916b10e3c8a42d9a83752d067b5b36d904eff4fa48fc9805e43b7ef85
S4,20260749,smp,180000,3000000,9389.05327346263,1599.909369,e3cae4cae9d17ca92780c83af493d44c44141f26cc42791eaa554d3ef61cb6aa,26a94411a2e793cc056ec285844c2a71c2fa4095f581cefb5d7b1544cb5750ce,cd7415b1b0bd664a1323590ea353efc38c1659bf24347f8aa05853939d73b01a
S5,20260749,smp,180000,3000000,19876.788899295447,1595.276897,74973498be97486399eeb21538fc6e73236bedd27c62e54054552ab2bbf1a8f9,1044c39730fd755f93e6f507512afbf0ae385ff078861642351d4cb04d398b70,75835545df15d7b396d6eb264e9d6764e2d2df082a3677b4e5c34764d406c1ff
S6,20260749,smp,180000,3000000,10722.695466956626,1566.585637,3095f623c364bdc26a33853ff3d4bb3bcfaf5f3ab332f7f060e98467eb0e54ca,880f4f20a5b665e6519140bb1f5f0129c0bbff65df35eaad5515cad33e2d9595,63e262b796cb5b4daef3ce9b93641b2d149a3bb06a7362ee252e8976af6501ee
